Date,Weekday,Month,TrainNo,TrainType,Direction,TripLine,StationID,StopSeq,ScheduledArr,Period,IsHoliday,HolidayType,IsTerminal,RunMin,StationGrade,SideTrackCount,IsDouble,MixIndex,SpeedDiff,PrevDelay,DelayTime,IsDelayed
2026-03-02,,,1,自強,,,7210,,,未知,0,平日,0,,,,,,,0.0,0,0
2026-03-02,,,1,自強,,,0980,,,未知,0,平日,0,,,,,,,0.0,1,0
2026-03-02,,,1038,區間快,,,3390,,,未知,0,平日,0,,,,,,,0.0,3,1
2026-03-02,,,1038,區間快,,,3360,,,未知,0,平日,0,,,,,,,3.0,3,1
2026-03-02,,,1038,區間快,,,2250,,,未知,0,平日,0,,,,,,,3.0,6,1
2026-03-02,,,1038,區間快,,,2200,,,未知,0,平日,0,,,,,,,6.0,1,0
2026-03-02,,,1038,區間快,,,2170,,,未知,0,平日,0,,,,,,,1.0,0,0
2026-03-02,,,1038,區間快,,,2150,,,未知,0,平日,0,,,,,,,0.0,0,0
2026-03-02,,,1038,區間快,,,1210,,,未知,0,平日,0,,,,,,,0.0,0,0
2026-03-02,,,1038,區間快,,,1180,,,未知,0,平日,0,,,,,,,0.0,0,0
2026-03-02,,,1038,區間快,,,1120,,,未知,0,平日,0,,,,,,,0.0,0,0
2026-03-02,,,1038,區間快,,,1080,,,未知,0,平日,0,,,,,,,0.0,0,0
2026-03-02,,,1038,區間快,,,1000,,,未知,0,平日,0,,,,,,,0.0,1,0
2026-03-02,,,1038,區間快,,,0990,,,未知,0,平日,0,,,,,,,1.0,1,0
2026-03-02,,,1202,區間,,,0900,,,未知,0,平日,0,,,,,,,0.0,0,0
2026-03-02,,,1208,區間,,,0900,,,未知,0,平日,0,,,,,,,0.0,0,0
2026-03-02,,,1212,區間,,,0900,,,未知,0,平日,0,,,,,,,0.0,0,0
2026-03-02,,,1214,區間,,,0900,,,未知,0,平日,0,,,,,,,0.0,1,0
2026-03-02,,,1217,區間,,,1230,,,未知,0,平日,0,,,,,,,0.0,0,0
2026-03-02,,,1217,區間,,,1250,,,未知,0,平日,0,,,,,,,0.0,0,0
2026-03-02,,,1217,區間,,,3160,,,未知,0,平日,0,,,,,,,0.0,0,0
2026-03-02,,,1218,區間,,,0900,,,未知,0,平日,0,,,,,,,0.0,1,0
2026-03-02,,,122,自強,,,0900,,,未知,0,平日,0,,,,,,,0.0,2,1
2026-03-02,,,1221,區間,,,1150,,,未知,0,平日,0,,,,,,,0.0,0,0
2026-03-02,,,1222,區間,,,0900,,,未知,0,平日,0,,,,,,,0.0,0,0
2026-03-02,,,1223,區間,,,1120,,,未知,0,平日,0,,,,,,,0.0,0,0
2026-03-02,,,1223,區間,,,1150,,,未知,0,平日,0,,,,,,,0.0,0,0
2026-03-02,,,1223,區間,,,1180,,,未知,0,平日,0,,,,,,,0.0,0,0
2026-03-02,,,1226,區間,,,0950,,,未知,0,平日,0,,,,,,,0.0,0,0
2026-03-02,,,1226,區間,,,0900,,,未知,0,平日,0,,,,,,,0.0,0,0
2026-03-02,,,1227,區間,,,1110,,,未知,0,平日,0,,,,,,,0.0,0,0
2026-03-02,,,1227,區間,,,1130,,,未知,0,平日,0,,,,,,,0.0,0,0
2026-03-02,,,1227,區間,,,1150,,,未知,0,平日,0,,,,,,,0.0,0,0
2026-03-02,,,1227,區間,,,1180,,,未知,0,平日,0,,,,,,,0.0,0,0
2026-03-02,,,1227,區間,,,1230,,,未知,0,平日,0,,,,,,,0.0,0,0
2026-03-02,,,1227,區間,,,3160,,,未知,0,平日,0,,,,,,,0.0,0,0
2026-03-02,,,1228,區間,,,0950,,,未知,0,平日,0,,,,,,,0.0,0,0
2026-03-02,,,1228,區間,,,0900,,,未知,0,平日,0,,,,,,,0.0,0,0
2026-03-02,,,1231,區間,,,1070,,,未知,0,平日,0,,,,,,,0.0,0,0
2026-03-02,,,1231,區間,,,1080,,,未知,0,平日,0,,,,,,,0.0,0,0
2026-03-02,,,1231,區間,,,1100,,,未知,0,平日,0,,,,,,,0.0,2,1
2026-03-02,,,1231,區間,,,1150,,,未知,0,平日,0,,,,,,,2.0,0,0
2026-03-02,,,1232,區間,,,1020,,,未知,0,平日,0,,,,,,,0.0,1,0
2026-03-02,,,1232,區間,,,1010,,,未知,0,平日,0,,,,,,,1.0,2,1
2026-03-02,,,1232,區間,,,0990,,,未知,0,平日,0,,,,,,,2.0,0,0
2026-03-02,,,1232,區間,,,0950,,,未知,0,平日,0,,,,,,,0.0,0,0
2026-03-02,,,1232,區間,,,0900,,,未知,0,平日,0,,,,,,,0.0,0,0
2026-03-02,,,1234,區間,,,0990,,,未知,0,平日,0,,,,,,,0.0,0,0
2026-03-02,,,1234,區間,,,0980,,,未知,0,平日,0,,,,,,,0.0,0,0
2026-03-02,,,1234,區間,,,0950,,,未知,0,平日,0,,,,,,,0.0,0,0
2026-03-02,,,1234,區間,,,0900,,,未知,0,平日,0,,,,,,,0.0,1,0
2026-03-02,,,1235,區間,,,0990,,,未知,0,平日,0,,,,,,,0.0,0,0
2026-03-02,,,1235,區間,,,1010,,,未知,0,平日,0,,,,,,,0.0,0,0
2026-03-02,,,1235,區間,,,1040,,,未知,0,平日,0,,,,,,,0.0,1,0
2026-03-02,,,1235,區間,,,1080,,,未知,0,平日,0,,,,,,,1.0,2,1
2026-03-02,,,1235,區間,,,1110,,,未知,0,平日,0,,,,,,,2.0,2,1
2026-03-02,,,1235,區間,,,1130,,,未知,0,平日,0,,,,,,,2.0,1,0
2026-03-02,,,1235,區間,,,1180,,,未知,0,平日,0,,,,,,,1.0,0,0
2026-03-02,,,1237,區間,,,0950,,,未知,0,平日,0,,,,,,,0.0,0,0
2026-03-02,,,1237,區間,,,1000,,,未知,0,平日,0,,,,,,,0.0,3,1
2026-03-02,,,1237,區間,,,1060,,,未知,0,平日,0,,,,,,,3.0,1,0
2026-03-02,,,1237,區間,,,1080,,,未知,0,平日,0,,,,,,,1.0,0,0
2026-03-02,,,1237,區間,,,1130,,,未知,0,平日,0,,,,,,,0.0,0,0
2026-03-02,,,1237,區間,,,1150,,,未知,0,平日,0,,,,,,,0.0,0,0
2026-03-02,,,1237,區間,,,1160,,,未知,0,平日,0,,,,,,,0.0,1,0
2026-03-02,,,1237,區間,,,1210,,,未知,0,平日,0,,,,,,,1.0,2,1
2026-03-02,,,1237,區間,,,3160,,,未知,0,平日,0,,,,,,,2.0,0,0
2026-03-02,,,1238,區間,,,1070,,,未知,0,平日,0,,,,,,,0.0,1,0
2026-03-02,,,1238,區間,,,1060,,,未知,0,平日,0,,,,,,,1.0,1,0
2026-03-02,,,1238,區間,,,1020,,,未知,0,平日,0,,,,,,,1.0,2,1
2026-03-02,,,1238,區間,,,0980,,,未知,0,平日,0,,,,,,,2.0,0,0
2026-03-02,,,1238,區間,,,0950,,,未知,0,平日,0,,,,,,,0.0,0,0
2026-03-02,,,1238,區間,,,0900,,,未知,0,平日,0,,,,,,,0.0,0,0
2026-03-02,,,1239,區間,,,1010,,,未知,0,平日,0,,,,,,,0.0,0,0
2026-03-02,,,1239,區間,,,1040,,,未知,0,平日,0,,,,,,,0.0,0,0
2026-03-02,,,1239,區間,,,1070,,,未知,0,平日,0,,,,,,,0.0,0,0
2026-03-02,,,1239,區間,,,1090,,,未知,0,平日,0,,,,,,,0.0,0,0
2026-03-02,,,1239,區間,,,1130,,,未知,0,平日,0,,,,,,,0.0,0,0
2026-03-02,,,1239,區間,,,1150,,,未知,0,平日,0,,,,,,,0.0,0,0
2026-03-02,,,124,傾斜式自強,,,0980,,,未知,0,平日,0,,,,,,,0.0,0,0
2026-03-02,,,1241,區間,,,0930,,,未知,0,平日,0,,,,,,,0.0,1,0
2026-03-02,,,1241,區間,,,0990,,,未知,0,平日,0,,,,,,,1.0,3,1
2026-03-02,,,1241,區間,,,1020,,,未知,0,平日,0,,,,,,,3.0,2,1
2026-03-02,,,1241,區間,,,1040,,,未知,0,平日,0,,,,,,,2.0,2,1
2026-03-02,,,1241,區間,,,1080,,,未知,0,平日,0,,,,,,,2.0,1,0
2026-03-02,,,1241,區間,,,1110,,,未知,0,平日,0,,,,,,,1.0,1,0
2026-03-02,,,1241,區間,,,1120,,,未知,0,平日,0,,,,,,,1.0,0,0
2026-03-02,,,1241,區間,,,1170,,,未知,0,平日,0,,,,,,,0.0,0,0
2026-03-02,,,1242,區間,,,1160,,,未知,0,平日,0,,,,,,,0.0,2,1
2026-03-02,,,1242,區間,,,1130,,,未知,0,平日,0,,,,,,,2.0,3,1
2026-03-02,,,1242,區間,,,1100,,,未知,0,平日,0,,,,,,,3.0,2,1
2026-03-02,,,1242,區間,,,1070,,,未知,0,平日,0,,,,,,,2.0,0,0
2026-03-02,,,1242,區間,,,1020,,,未知,0,平日,0,,,,,,,0.0,1,0
2026-03-02,,,1242,區間,,,1010,,,未知,0,平日,0,,,,,,,1.0,1,0
2026-03-02,,,1242,區間,,,0960,,,未知,0,平日,0,,,,,,,1.0,0,0
2026-03-02,,,1242,區間,,,0950,,,未知,0,平日,0,,,,,,,0.0,2,1
2026-03-02,,,1242,區間,,,0900,,,未知,0,平日,0,,,,,,,2.0,2,1
2026-03-02,,,1243,區間,,,0930,,,未知,0,平日,0,,,,,,,0.0,2,1
2026-03-02,,,1243,區間,,,0980,,,未知,0,平日,0,,,,,,,2.0,2,1
2026-03-02,,,1243,區間,,,1020,,,未知,0,平日,0,,,,,,,2.0,0,0
2026-03-02,,,1243,區間,,,1070,,,未知,0,平日,0,,,,,,,0.0,0,0
2026-03-02,,,1243,區間,,,1080,,,未知,0,平日,0,,,,,,,0.0,0,0
2026-03-02,,,1243,區間,,,1100,,,未知,0,平日,0,,,,,,,0.0,0,0
2026-03-02,,,1243,區間,,,1130,,,未知,0,平日,0,,,,,,,0.0,0,0
2026-03-02,,,1243,區間,,,1150,,,未知,0,平日,0,,,,,,,0.0,0,0
2026-03-02,,,1247,區間,,,0930,,,未知,0,平日,0,,,,,,,0.0,0,0
2026-03-02,,,1247,區間,,,0950,,,未知,0,平日,0,,,,,,,0.0,0,0
2026-03-02,,,1247,區間,,,1000,,,未知,0,平日,0,,,,,,,0.0,0,0
2026-03-02,,,1247,區間,,,1010,,,未知,0,平日,0,,,,,,,0.0,0,0
2026-03-02,,,1247,區間,,,1060,,,未知,0,平日,0,,,,,,,0.0,1,0
2026-03-02,,,1247,區間,,,1070,,,未知,0,平日,0,,,,,,,1.0,1,0
2026-03-02,,,1247,區間,,,1080,,,未知,0,平日,0,,,,,,,1.0,1,0
2026-03-02,,,1247,區間,,,1100,,,未知,0,平日,0,,,,,,,1.0,1,0
2026-03-02,,,1247,區間,,,1160,,,未知,0,平日,0,,,,,,,1.0,3,1
2026-03-02,,,1247,區間,,,1250,,,未知,0,平日,0,,,,,,,3.0,1,0
2026-03-02,,,1247,區間,,,3160,,,未知,0,平日,0,,,,,,,1.0,0,0
2026-03-02,,,1248,區間,,,1170,,,未知,0,平日,0,,,,,,,0.0,0,0
2026-03-02,,,1248,區間,,,1150,,,未知,0,平日,0,,,,,,,0.0,0,0
2026-03-02,,,1248,區間,,,1130,,,未知,0,平日,0,,,,,,,0.0,0,0
2026-03-02,,,1248,區間,,,1090,,,未知,0,平日,0,,,,,,,0.0,0,0
2026-03-02,,,1248,區間,,,1060,,,未知,0,平日,0,,,,,,,0.0,0,0
2026-03-02,,,1248,區間,,,1040,,,未知,0,平日,0,,,,,,,0.0,0,0
2026-03-02,,,1248,區間,,,1020,,,未知,0,平日,0,,,,,,,0.0,4,1
2026-03-02,,,1248,區間,,,0990,,,未知,0,平日,0,,,,,,,4.0,3,1
2026-03-02,,,1248,區間,,,0980,,,未知,0,平日,0,,,,,,,3.0,2,1
2026-03-02,,,1248,區間,,,0950,,,未知,0,平日,0,,,,,,,2.0,2,1
2026-03-02,,,125,自強,,,4460,,,未知,0,平日,0,,,,,,,0.0,1,0
2026-03-02,,,125,自強,,,5000,,,未知,0,平日,0,,,,,,,1.0,0,0
2026-03-02,,,125,自強,,,5050,,,未知,0,平日,0,,,,,,,0.0,0,0
2026-03-02,,,1251,區間,,,0930,,,未知,0,平日,0,,,,,,,0.0,0,0
2026-03-02,,,1251,區間,,,0950,,,未知,0,平日,0,,,,,,,0.0,0,0
2026-03-02,,,1251,區間,,,1010,,,未知,0,平日,0,,,,,,,0.0,0,0
2026-03-02,,,1251,區間,,,1040,,,未知,0,平日,0,,,,,,,0.0,0,0
2026-03-02,,,1251,區間,,,1060,,,未知,0,平日,0,,,,,,,0.0,0,0
2026-03-02,,,1251,區間,,,1090,,,未知,0,平日,0,,,,,,,0.0,0,0
2026-03-02,,,1251,區間,,,1130,,,未知,0,平日,0,,,,,,,0.0,0,0
2026-03-02,,,1251,區間,,,1210,,,未知,0,平日,0,,,,,,,0.0,0,0
2026-03-02,,,1251,區間,,,1230,,,未知,0,平日,0,,,,,,,0.0,0,0
2026-03-02,,,1252,區間,,,1190,,,未知,0,平日,0,,,,,,,0.0,0,0
2026-03-02,,,1252,區間,,,1150,,,未知,0,平日,0,,,,,,,0.0,0,0
2026-03-02,,,1252,區間,,,1120,,,未知,0,平日,0,,,,,,,0.0,1,0
2026-03-02,,,1252,區間,,,1100,,,未知,0,平日,0,,,,,,,1.0,0,0
2026-03-02,,,1252,區間,,,1070,,,未知,0,平日,0,,,,,,,0.0,0,0
2026-03-02,,,1252,區間,,,1040,,,未知,0,平日,0,,,,,,,0.0,0,0
2026-03-02,,,1252,區間,,,1020,,,未知,0,平日,0,,,,,,,0.0,2,1
2026-03-02,,,1252,區間,,,0990,,,未知,0,平日,0,,,,,,,2.0,0,0
2026-03-02,,,1252,區間,,,0900,,,未知,0,平日,0,,,,,,,0.0,1,0
2026-03-02,,,1254,區間,,,1120,,,未知,0,平日,0,,,,,,,0.0,0,0
2026-03-02,,,1254,區間,,,1100,,,未知,0,平日,0,,,,,,,0.0,1,0
2026-03-02,,,1254,區間,,,1090,,,未知,0,平日,0,,,,,,,1.0,2,1
2026-03-02,,,1254,區間,,,1040,,,未知,0,平日,0,,,,,,,2.0,1,0
2026-03-02,,,1254,區間,,,1010,,,未知,0,平日,0,,,,,,,1.0,1,0
2026-03-02,,,1254,區間,,,1000,,,未知,0,平日,0,,,,,,,1.0,0,0
2026-03-02,,,1254,區間,,,0960,,,未知,0,平日,0,,,,,,,0.0,0,0
2026-03-02,,,1254,區間,,,0900,,,未知,0,平日,0,,,,,,,0.0,0,0
2026-03-02,,,1257,區間,,,0930,,,未知,0,平日,0,,,,,,,0.0,0,0
2026-03-02,,,1257,區間,,,0950,,,未知,0,平日,0,,,,,,,0.0,0,0
2026-03-02,,,1257,區間,,,0980,,,未知,0,平日,0,,,,,,,0.0,0,0
2026-03-02,,,1257,區間,,,1010,,,未知,0,平日,0,,,,,,,0.0,0,0
2026-03-02,,,1257,區間,,,1060,,,未知,0,平日,0,,,,,,,0.0,0,0
2026-03-02,,,1257,區間,,,1110,,,未知,0,平日,0,,,,,,,0.0,0,0
2026-03-02,,,1257,區間,,,1130,,,未知,0,平日,0,,,,,,,0.0,0,0
2026-03-02,,,1258,區間,,,1250,,,未知,0,平日,0,,,,,,,0.0,0,0
2026-03-02,,,1258,區間,,,1230,,,未知,0,平日,0,,,,,,,0.0,0,0
2026-03-02,,,1258,區間,,,1170,,,未知,0,平日,0,,,,,,,0.0,1,0
2026-03-02,,,1258,區間,,,1130,,,未知,0,平日,0,,,,,,,1.0,1,0
2026-03-02,,,1258,區間,,,1110,,,未知,0,平日,0,,,,,,,1.0,0,0
2026-03-02,,,1258,區間,,,1070,,,未知,0,平日,0,,,,,,,0.0,0,0
2026-03-02,,,1258,區間,,,1060,,,未知,0,平日,0,,,,,,,0.0,0,0
2026-03-02,,,1258,區間,,,1020,,,未知,0,平日,0,,,,,,,0.0,1,0
2026-03-02,,,1258,區間,,,0990,,,未知,0,平日,0,,,,,,,1.0,0,0
2026-03-02,,,1258,區間,,,0950,,,未知,0,平日,0,,,,,,,0.0,0,0
2026-03-02,,,1261,區間,,,0930,,,未知,0,平日,0,,,,,,,0.0,0,0
2026-03-02,,,1261,區間,,,0980,,,未知,0,平日,0,,,,,,,0.0,0,0
2026-03-02,,,1261,區間,,,1040,,,未知,0,平日,0,,,,,,,0.0,0,0
2026-03-02,,,1261,區間,,,1090,,,未知,0,平日,0,,,,,,,0.0,0,0
2026-03-02,,,1261,區間,,,1100,,,未知,0,平日,0,,,,,,,0.0,0,0
2026-03-02,,,1262,區間,,,1190,,,未知,0,平日,0,,,,,,,0.0,0,0
2026-03-02,,,1262,區間,,,1160,,,未知,0,平日,0,,,,,,,0.0,0,0
2026-03-02,,,1262,區間,,,1150,,,未知,0,平日,0,,,,,,,0.0,0,0
2026-03-02,,,1262,區間,,,1100,,,未知,0,平日,0,,,,,,,0.0,0,0
2026-03-02,,,1262,區間,,,1080,,,未知,0,平日,0,,,,,,,0.0,0,0
2026-03-02,,,1262,區間,,,1070,,,未知,0,平日,0,,,,,,,0.0,0,0
2026-03-02,,,1262,區間,,,1040,,,未知,0,平日,0,,,,,,,0.0,0,0
2026-03-02,,,1262,區間,,,0990,,,未知,0,平日,0,,,,,,,0.0,0,0
2026-03-02,,,1262,區間,,,0900,,,未知,0,平日,0,,,,,,,0.0,0,0
2026-03-02,,,1263,區間,,,0930,,,未知,0,平日,0,,,,,,,0.0,1,0
2026-03-02,,,1263,區間,,,0990,,,未知,0,平日,0,,,,,,,1.0,1,0
2026-03-02,,,1263,區間,,,1060,,,未知,0,平日,0,,,,,,,1.0,0,0
2026-03-02,,,1263,區間,,,1080,,,未知,0,平日,0,,,,,,,0.0,0,0
2026-03-02,,,1267,區間,,,0930,,,未知,0,平日,0,,,,,,,0.0,0,0
2026-03-02,,,1267,區間,,,0950,,,未知,0,平日,0,,,,,,,0.0,0,0
2026-03-02,,,1267,區間,,,1000,,,未知,0,平日,0,,,,,,,0.0,0,0
2026-03-02,,,1267,區間,,,1010,,,未知,0,平日,0,,,,,,,0.0,0,0
2026-03-02,,,1268,區間,,,1250,,,未知,0,平日,0,,,,,,,0.0,0,0
2026-03-02,,,1268,區間,,,1230,,,未知,0,平日,0,,,,,,,0.0,0,0
2026-03-02,,,1268,區間,,,1170,,,未知,0,平日,0,,,,,,,0.0,0,0
2026-03-02,,,1268,區間,,,1130,,,未知,0,平日,0,,,,,,,0.0,0,0
2026-03-02,,,1268,區間,,,1120,,,未知,0,平日,0,,,,,,,0.0,0,0
2026-03-02,,,1268,區間,,,1100,,,未知,0,平日,0,,,,,,,0.0,0,0
2026-03-02,,,1268,區間,,,1070,,,未知,0,平日,0,,,,,,,0.0,0,0
2026-03-02,,,1268,區間,,,1020,,,未知,0,平日,0,,,,,,,0.0,1,0
2026-03-02,,,1268,區間,,,1000,,,未知,0,平日,0,,,,,,,1.0,0,0
2026-03-02,,,1271,區間,,,0930,,,未知,0,平日,0,,,,,,,0.0,0,0
2026-03-02,,,1272,區間,,,1190,,,未知,0,平日,0,,,,,,,0.0,0,0
2026-03-02,,,1272,區間,,,1160,,,未知,0,平日,0,,,,,,,0.0,0,0
2026-03-02,,,1272,區間,,,1100,,,未知,0,平日,0,,,,,,,0.0,1,0
2026-03-02,,,1272,區間,,,1090,,,未知,0,平日,0,,,,,,,1.0,1,0
2026-03-02,,,1273,區間,,,0930,,,未知,0,平日,0,,,,,,,0.0,0,0
2026-03-02,,,1273,區間,,,0950,,,未知,0,平日,0,,,,,,,0.0,0,0
2026-03-02,,,1273,區間,,,0980,,,未知,0,平日,0,,,,,,,0.0,0,0
2026-03-02,,,1274,區間,,,1130,,,未知,0,平日,0,,,,,,,0.0,0,0
2026-03-02,,,1274,區間,,,1120,,,未知,0,平日,0,,,,,,,0.0,0,0
2026-03-02,,,1274,區間,,,1090,,,未知,0,平日,0,,,,,,,0.0,0,0
2026-03-02,,,1274,區間,,,1060,,,未知,0,平日,0,,,,,,,0.0,0,0
2026-03-02,,,1274,區間,,,1020,,,未知,0,平日,0,,,,,,,0.0,0,0
2026-03-02,,,1278,區間,,,1250,,,未知,0,平日,0,,,,,,,0.0,0,0
2026-03-02,,,1278,區間,,,1230,,,未知,0,平日,0,,,,,,,0.0,0,0
2026-03-02,,,1278,區間,,,1210,,,未知,0,平日,0,,,,,,,0.0,3,1
2026-03-02,,,1278,區間,,,1130,,,未知,0,平日,0,,,,,,,3.0,1,0
2026-03-02,,,1278,區間,,,1120,,,未知,0,平日,0,,,,,,,1.0,2,1
2026-03-02,,,128,自強,,,1020,,,未知,0,平日,0,,,,,,,0.0,1,0
2026-03-02,,,128,自強,,,0990,,,未知,0,平日,0,,,,,,,1.0,0,0
2026-03-02,,,128,自強,,,0960,,,未知,0,平日,0,,,,,,,0.0,1,0
2026-03-02,,,128,自強,,,0900,,,未知,0,平日,0,,,,,,,1.0,1,0
2026-03-02,,,1281,區間,,,0930,,,未知,0,平日,0,,,,,,,0.0,0,0
2026-03-02,,,1282,區間,,,1190,,,未知,0,平日,0,,,,,,,0.0,0,0
2026-03-02,,,1288,區間,,,1250,,,未知,0,平日,0,,,,,,,0.0,0,0
2026-03-02,,,1288,區間,,,1230,,,未知,0,平日,0,,,,,,,0.0,1,0
2026-03-02,,,129,自強,,,4220,,,未知,0,平日,0,,,,,,,0.0,1,0
2026-03-02,,,129,自強,,,4340,,,未知,0,平日,0,,,,,,,1.0,1,0
2026-03-02,,,129,自強,,,4440,,,未知,0,平日,0,,,,,,,1.0,1,0
2026-03-02,,,129,自強,,,5050,,,未知,0,平日,0,,,,,,,1.0,0,0
2026-03-02,,,130,自強,,,1100,,,未知,0,平日,0,,,,,,,0.0,5,1
2026-03-02,,,130,自強,,,1080,,,未知,0,平日,0,,,,,,,5.0,3,1
2026-03-02,,,130,自強,,,1020,,,未知,0,平日,0,,,,,,,3.0,2,1
2026-03-02,,,130,自強,,,0990,,,未知,0,平日,0,,,,,,,2.0,1,0
2026-03-02,,,130,自強,,,0930,,,未知,0,平日,0,,,,,,,1.0,0,0
2026-03-02,,,130,自強,,,0900,,,未知,0,平日,0,,,,,,,0.0,0,0
2026-03-02,,,132,自強,,,1020,,,未知,0,平日,0,,,,,,,0.0,2,1
2026-03-02,,,132,自強,,,1000,,,未知,0,平日,0,,,,,,,2.0,1,0
2026-03-02,,,132,自強,,,0980,,,未知,0,平日,0,,,,,,,1.0,0,0
2026-03-02,,,133,自強,,,4080,,,未知,0,平日,0,,,,,,,0.0,0,0
2026-03-02,,,133,自強,,,4120,,,未知,0,平日,0,,,,,,,0.0,0,0
2026-03-02,,,133,自強,,,4220,,,未知,0,平日,0,,,,,,,0.0,1,0
2026-03-02,,,133,自強,,,4340,,,未知,0,平日,0,,,,,,,1.0,0,0
2026-03-02,,,133,自強,,,4440,,,未知,0,平日,0,,,,,,,0.0,0,0
2026-03-02,,,133,自強,,,5000,,,未知,0,平日,0,,,,,,,0.0,0,0
2026-03-02,,,133,自強,,,5050,,,未知,0,平日,0,,,,,,,0.0,0,0
2026-03-02,,,134,自強,,,1250,,,未知,0,平日,0,,,,,,,0.0,0,0
2026-03-02,,,134,自強,,,1210,,,未知,0,平日,0,,,,,,,0.0,0,0
2026-03-02,,,134,自強,,,1100,,,未知,0,平日,0,,,,,,,0.0,0,0
2026-03-02,,,134,自強,,,1020,,,未知,0,平日,0,,,,,,,0.0,0,0
2026-03-02,,,134,自強,,,0990,,,未知,0,平日,0,,,,,,,0.0,0,0
2026-03-02,,,134,自強,,,0960,,,未知,0,平日,0,,,,,,,0.0,0,0
2026-03-02,,,134,自強,,,0930,,,未知,0,平日,0,,,,,,,0.0,0,0
2026-03-02,,,134,自強,,,0900,,,未知,0,平日,0,,,,,,,0.0,0,0
2026-03-02,,,135,自強,,,3470,,,未知,0,平日,0,,,,,,,0.0,0,0
2026-03-02,,,135,自強,,,4080,,,未知,0,平日,0,,,,,,,0.0,0,0
2026-03-02,,,135,自強,,,4120,,,未知,0,平日,0,,,,,,,0.0,0,0
2026-03-02,,,135,自強,,,4220,,,未知,0,平日,0,,,,,,,0.0,1,0
2026-03-02,,,135,自強,,,4340,,,未知,0,平日,0,,,,,,,1.0,0,0
2026-03-02,,,135,自強,,,4440,,,未知,0,平日,0,,,,,,,0.0,0,0
2026-03-02,,,135,自強,,,4460,,,未知,0,平日,0,,,,,,,0.0,0,0
2026-03-02,,,136,傾斜式自強,,,1080,,,未知,0,平日,0,,,,,,,0.0,0,0
2026-03-02,,,136,傾斜式自強,,,1020,,,未知,0,平日,0,,,,,,,0.0,0,0
2026-03-02,,,136,傾斜式自強,,,0990,,,未知,0,平日,0,,,,,,,0.0,0,0
2026-03-02,,,136,傾斜式自強,,,0980,,,未知,0,平日,0,,,,,,,0.0,0,0
2026-03-02,,,137,傾斜式自強,,,4080,,,未知,0,平日,0,,,,,,,0.0,0,0
2026-03-02,,,137,傾斜式自強,,,4220,,,未知,0,平日,0,,,,,,,0.0,0,0
2026-03-02,,,137,傾斜式自強,,,4400,,,未知,0,平日,0,,,,,,,0.0,1,0
2026-03-02,,,137,傾斜式自強,,,5050,,,未知,0,平日,0,,,,,,,1.0,0,0
2026-03-02,,,138,自強,,,3300,,,未知,0,平日,0,,,,,,,0.0,6,1
2026-03-02,,,138,自強,,,3160,,,未知,0,平日,0,,,,,,,6.0,2,1
2026-03-02,,,138,自強,,,1210,,,未知,0,平日,0,,,,,,,2.0,0,0
2026-03-02,,,138,自強,,,1100,,,未知,0,平日,0,,,,,,,0.0,0,0
2026-03-02,,,138,自強,,,1080,,,未知,0,平日,0,,,,,,,0.0,0,0
2026-03-02,,,138,自強,,,1040,,,未知,0,平日,0,,,,,,,0.0,0,0
2026-03-02,,,138,自強,,,1000,,,未知,0,平日,0,,,,,,,0.0,0,0
2026-03-02,,,138,自強,,,0930,,,未知,0,平日,0,,,,,,,0.0,0,0
2026-03-02,,,139,自強,,,1210,,,未知,0,平日,0,,,,,,,0.0,0,0
2026-03-02,,,139,自強,,,1250,,,未知,0,平日,0,,,,,,,0.0,0,0
2026-03-02,,,139,自強,,,3160,,,未知,0,平日,0,,,,,,,0.0,0,0
2026-03-02,,,139,自強,,,3230,,,未知,0,平日,0,,,,,,,0.0,0,0
2026-03-02,,,139,自強,,,3300,,,未知,0,平日,0,,,,,,,0.0,0,0
2026-03-02,,,139,自強,,,3360,,,未知,0,平日,0,,,,,,,0.0,0,0
2026-03-02,,,139,自強,,,3390,,,未知,0,平日,0,,,,,,,0.0,0,0
2026-03-02,,,139,自強,,,3470,,,未知,0,平日,0,,,,,,,0.0,0,0
2026-03-02,,,139,自強,,,4080,,,未知,0,平日,0,,,,,,,0.0,0,0
2026-03-02,,,139,自強,,,4220,,,未知,0,平日,0,,,,,,,0.0,0,0
2026-03-02,,,139,自強,,,4340,,,未知,0,平日,0,,,,,,,0.0,0,0
2026-03-02,,,141,自強,,,1100,,,未知,0,平日,0,,,,,,,0.0,0,0
2026-03-02,,,141,自強,,,1210,,,未知,0,平日,0,,,,,,,0.0,0,0
2026-03-02,,,141,自強,,,1250,,,未知,0,平日,0,,,,,,,0.0,0,0
2026-03-02,,,141,自強,,,3230,,,未知,0,平日,0,,,,,,,0.0,0,0
2026-03-02,,,141,自強,,,3300,,,未知,0,平日,0,,,,,,,0.0,0,0
2026-03-02,,,141,自強,,,3360,,,未知,0,平日,0,,,,,,,0.0,0,0
2026-03-02,,,141,自強,,,3420,,,未知,0,平日,0,,,,,,,0.0,0,0
2026-03-02,,,141,自強,,,4080,,,未知,0,平日,0,,,,,,,0.0,0,0
2026-03-02,,,141,自強,,,4120,,,未知,0,平日,0,,,,,,,0.0,0,0
2026-03-02,,,141,自強,,,4220,,,未知,0,平日,0,,,,,,,0.0,0,0
2026-03-02,,,142,自強,,,3390,,,未知,0,平日,0,,,,,,,0.0,0,0
2026-03-02,,,142,自強,,,3360,,,未知,0,平日,0,,,,,,,0.0,0,0
2026-03-02,,,142,自強,,,3230,,,未知,0,平日,0,,,,,,,0.0,0,0
2026-03-02,,,142,自強,,,3160,,,未知,0,平日,0,,,,,,,0.0,0,0
2026-03-02,,,142,自強,,,1210,,,未知,0,平日,0,,,,,,,0.0,1,0
2026-03-02,,,142,自強,,,1100,,,未知,0,平日,0,,,,,,,1.0,0,0
2026-03-02,,,142,自強,,,1020,,,未知,0,平日,0,,,,,,,0.0,0,0
2026-03-02,,,142,自強,,,0960,,,未知,0,平日,0,,,,,,,0.0,0,0
2026-03-02,,,142,自強,,,0930,,,未知,0,平日,0,,,,,,,0.0,0,0
2026-03-02,,,143,自強,,,1020,,,未知,0,平日,0,,,,,,,0.0,0,0
2026-03-02,,,143,自強,,,3230,,,未知,0,平日,0,,,,,,,0.0,1,0
2026-03-02,,,143,自強,,,3300,,,未知,0,平日,0,,,,,,,1.0,2,1
2026-03-02,,,143,自強,,,3360,,,未知,0,平日,0,,,,,,,2.0,0,0
2026-03-02,,,143,自強,,,4080,,,未知,0,平日,0,,,,,,,0.0,0,0
2026-03-02,,,143,自強,,,4220,,,未知,0,平日,0,,,,,,,0.0,2,1
2026-03-02,,,143,自強,,,4400,,,未知,0,平日,0,,,,,,,2.0,2,1
2026-03-02,,,144,自強,,,4120,,,未知,0,平日,0,,,,,,,0.0,0,0
2026-03-02,,,144,自強,,,4080,,,未知,0,平日,0,,,,,,,0.0,0,0
2026-03-02,,,144,自強,,,3470,,,未知,0,平日,0,,,,,,,0.0,0,0
2026-03-02,,,144,自強,,,3420,,,未知,0,平日,0,,,,,,,0.0,0,0
2026-03-02,,,144,自強,,,3360,,,未知,0,平日,0,,,,,,,0.0,0,0
2026-03-02,,,144,自強,,,3230,,,未知,0,平日,0,,,,,,,0.0,0,0
2026-03-02,,,144,自強,,,3160,,,未知,0,平日,0,,,,,,,0.0,0,0
2026-03-02,,,144,自強,,,1210,,,未知,0,平日,0,,,,,,,0.0,0,0
2026-03-02,,,144,自強,,,1100,,,未知,0,平日,0,,,,,,,0.0,2,1
2026-03-02,,,144,自強,,,1080,,,未知,0,平日,0,,,,,,,2.0,2,1
2026-03-02,,,144,自強,,,1040,,,未知,0,平日,0,,,,,,,2.0,2,1
2026-03-02,,,145,自強,,,1000,,,未知,0,平日,0,,,,,,,0.0,0,0
2026-03-02,,,145,自強,,,1020,,,未知,0,平日,0,,,,,,,0.0,0,0
2026-03-02,,,145,自強,,,1080,,,未知,0,平日,0,,,,,,,0.0,0,0
2026-03-02,,,145,自強,,,1210,,,未知,0,平日,0,,,,,,,0.0,0,0
2026-03-02,,,145,自強,,,1250,,,未知,0,平日,0,,,,,,,0.0,0,0
2026-03-02,,,145,自強,,,2130,,,未知,0,平日,0,,,,,,,0.0,1,0
2026-03-02,,,145,自強,,,2170,,,未知,0,平日,0,,,,,,,1.0,0,0
2026-03-02,,,145,自強,,,2180,,,未知,0,平日,0,,,,,,,0.0,0,0
2026-03-02,,,145,自強,,,2220,,,未知,0,平日,0,,,,,,,0.0,0,0
2026-03-02,,,145,自強,,,3360,,,未知,0,平日,0,,,,,,,0.0,4,1
2026-03-02,,,145,自強,,,3470,,,未知,0,平日,0,,,,,,,4.0,3,1
2026-03-02,,,145,自強,,,4080,,,未知,0,平日,0,,,,,,,3.0,4,1
2026-03-02,,,146,自強,,,4120,,,未知,0,平日,0,,,,,,,0.0,0,0
2026-03-02,,,146,自強,,,4080,,,未知,0,平日,0,,,,,,,0.0,1,0
2026-03-02,,,146,自強,,,3470,,,未知,0,平日,0,,,,,,,1.0,0,0
2026-03-02,,,146,自強,,,3390,,,未知,0,平日,0,,,,,,,0.0,0,0
2026-03-02,,,146,自強,,,2230,,,未知,0,平日,0,,,,,,,0.0,0,0
2026-03-02,,,146,自強,,,2200,,,未知,0,平日,0,,,,,,,0.0,0,0
2026-03-02,,,146,自強,,,2180,,,未知,0,平日,0,,,,,,,0.0,0,0
2026-03-02,,,146,自強,,,2170,,,未知,0,平日,0,,,,,,,0.0,2,1
2026-03-02,,,146,自強,,,1210,,,未知,0,平日,0,,,,,,,2.0,0,0
2026-03-02,,,146,自強,,,1100,,,未知,0,平日,0,,,,,,,0.0,1,0
2026-03-02,,,146,自強,,,1080,,,未知,0,平日,0,,,,,,,1.0,1,0
2026-03-02,,,148,自強,,,3230,,,未知,0,平日,0,,,,,,,0.0,0,0
2026-03-02,,,148,自強,,,1020,,,未知,0,平日,0,,,,,,,0.0,2,1
2026-03-02,,,148,自強,,,1000,,,未知,0,平日,0,,,,,,,2.0,0,0
2026-03-02,,,148,自強,,,0980,,,未知,0,平日,0,,,,,,,0.0,0,0
2026-03-02,,,148,自強,,,0930,,,未知,0,平日,0,,,,,,,0.0,0,0
2026-03-02,,,149,自強,,,0930,,,未知,0,平日,0,,,,,,,0.0,0,0
2026-03-02,,,149,自強,,,0960,,,未知,0,平日,0,,,,,,,0.0,0,0
2026-03-02,,,149,自強,,,1000,,,未知,0,平日,0,,,,,,,0.0,0,0
2026-03-02,,,149,自強,,,1080,,,未知,0,平日,0,,,,,,,0.0,0,0
2026-03-02,,,149,自強,,,1210,,,未知,0,平日,0,,,,,,,0.0,1,0
2026-03-02,,,149,自強,,,1250,,,未知,0,平日,0,,,,,,,1.0,0,0
2026-03-02,,,149,自強,,,3230,,,未知,0,平日,0,,,,,,,0.0,0,0
2026-03-02,,,149,自強,,,3360,,,未知,0,平日,0,,,,,,,0.0,0,0
2026-03-02,,,149,自強,,,3390,,,未知,0,平日,0,,,,,,,0.0,0,0
2026-03-02,,,150,自強,,,4400,,,未知,0,平日,0,,,,,,,0.0,0,0
2026-03-02,,,150,自強,,,4340,,,未知,0,平日,0,,,,,,,0.0,1,0
2026-03-02,,,150,自強,,,4310,,,未知,0,平日,0,,,,,,,1.0,0,0
2026-03-02,,,150,自強,,,4170,,,未知,0,平日,0,,,,,,,0.0,0,0
2026-03-02,,,150,自強,,,4120,,,未知,0,平日,0,,,,,,,0.0,1,0
2026-03-02,,,150,自強,,,3480,,,未知,0,平日,0,,,,,,,1.0,0,0
2026-03-02,,,150,自強,,,3470,,,未知,0,平日,0,,,,,,,0.0,0,0
2026-03-02,,,150,自強,,,3390,,,未知,0,平日,0,,,,,,,0.0,0,0
2026-03-02,,,150,自強,,,3300,,,未知,0,平日,0,,,,,,,0.0,3,1
2026-03-02,,,150,自強,,,3160,,,未知,0,平日,0,,,,,,,3.0,2,1
2026-03-02,,,152,自強,,,5000,,,未知,0,平日,0,,,,,,,0.0,0,0
2026-03-02,,,152,自強,,,4440,,,未知,0,平日,0,,,,,,,0.0,0,0
2026-03-02,,,152,自強,,,4340,,,未知,0,平日,0,,,,,,,0.0,0,0
2026-03-02,,,152,自強,,,4310,,,未知,0,平日,0,,,,,,,0.0,0,0
2026-03-02,,,152,自強,,,4220,,,未知,0,平日,0,,,,,,,0.0,1,0
2026-03-02,,,152,自強,,,4120,,,未知,0,平日,0,,,,,,,1.0,0,0
2026-03-02,,,152,自強,,,4080,,,未知,0,平日,0,,,,,,,0.0,0,0
2026-03-02,,,152,自強,,,3390,,,未知,0,平日,0,,,,,,,0.0,0,0
2026-03-02,,,152,自強,,,3300,,,未知,0,平日,0,,,,,,,0.0,1,0
2026-03-02,,,154,自強,,,5000,,,未知,0,平日,0,,,,,,,0.0,0,0
2026-03-02,,,154,自強,,,4400,,,未知,0,平日,0,,,,,,,0.0,1,0
2026-03-02,,,154,自強,,,4220,,,未知,0,平日,0,,,,,,,1.0,0,0
2026-03-02,,,154,自強,,,4080,,,未知,0,平日,0,,,,,,,0.0,0,0
2026-03-02,,,154,自強,,,3300,,,未知,0,平日,0,,,,,,,0.0,5,1
2026-03-02,,,154,自強,,,1080,,,未知,0,平日,0,,,,,,,5.0,3,1
2026-03-02,,,155,自強,,,0960,,,未知,0,平日,0,,,,,,,0.0,0,0
2026-03-02,,,155,自強,,,1000,,,未知,0,平日,0,,,,,,,0.0,0,0
2026-03-02,,,155,自強,,,1080,,,未知,0,平日,0,,,,,,,0.0,0,0
2026-03-02,,,155,自強,,,1100,,,未知,0,平日,0,,,,,,,0.0,0,0
2026-03-02,,,156,自強,,,4460,,,未知,0,平日,0,,,,,,,0.0,0,0
2026-03-02,,,156,自強,,,4440,,,未知,0,平日,0,,,,,,,0.0,0,0
2026-03-02,,,156,自強,,,4310,,,未知,0,平日,0,,,,,,,0.0,0,0
2026-03-02,,,156,自強,,,4220,,,未知,0,平日,0,,,,,,,0.0,0,0
2026-03-02,,,157,自強,,,0960,,,未知,0,平日,0,,,,,,,0.0,0,0
2026-03-02,,,157,自強,,,0990,,,未知,0,平日,0,,,,,,,0.0,1,0
2026-03-02,,,165,傾斜式自強,,,6000,,,未知,0,平日,0,,,,,,,0.0,2,1
2026-03-02,,,168,自強,,,4220,,,未知,0,平日,0,,,,,,,0.0,0,0
2026-03-02,,,168,自強,,,4120,,,未知,0,平日,0,,,,,,,0.0,0,0
2026-03-02,,,168,自強,,,4080,,,未知,0,平日,0,,,,,,,0.0,0,0
2026-03-02,,,168,自強,,,3470,,,未知,0,平日,0,,,,,,,0.0,0,0
2026-03-02,,,168,自強,,,3390,,,未知,0,平日,0,,,,,,,0.0,0,0
2026-03-02,,,168,自強,,,3360,,,未知,0,平日,0,,,,,,,0.0,0,0
2026-03-02,,,168,自強,,,3300,,,未知,0,平日,0,,,,,,,0.0,0,0
2026-03-02,,,168,自強,,,3230,,,未知,0,平日,0,,,,,,,0.0,0,0
2026-03-02,,,168,自強,,,1210,,,未知,0,平日,0,,,,,,,0.0,0,0
2026-03-02,,,168,自強,,,1100,,,未知,0,平日,0,,,,,,,0.0,0,0
2026-03-02,,,172,自強,,,7130,,,未知,0,平日,0,,,,,,,0.0,0,0
2026-03-02,,,172,自強,,,7090,,,未知,0,平日,0,,,,,,,0.0,1,0
2026-03-02,,,172,自強,,,7030,,,未知,0,平日,0,,,,,,,1.0,0,0
2026-03-02,,,172,自強,,,7000,,,未知,0,平日,0,,,,,,,0.0,0,0
2026-03-02,,,175,自強,,,3230,,,未知,0,平日,0,,,,,,,0.0,0,0
2026-03-02,,,175,自強,,,3300,,,未知,0,平日,0,,,,,,,0.0,0,0
2026-03-02,,,175,自強,,,3360,,,未知,0,平日,0,,,,,,,0.0,0,0
2026-03-02,,,175,自強,,,3470,,,未知,0,平日,0,,,,,,,0.0,1,0
2026-03-02,,,175,自強,,,3480,,,未知,0,平日,0,,,,,,,1.0,1,0
2026-03-02,,,175,自強,,,4080,,,未知,0,平日,0,,,,,,,1.0,1,0
2026-03-02,,,175,自強,,,4120,,,未知,0,平日,0,,,,,,,1.0,2,1
2026-03-02,,,175,自強,,,4170,,,未知,0,平日,0,,,,,,,2.0,1,0
2026-03-02,,,175,自強,,,4310,,,未知,0,平日,0,,,,,,,1.0,1,0
2026-03-02,,,175,自強,,,4340,,,未知,0,平日,0,,,,,,,1.0,3,1
2026-03-02,,,175,自強,,,5000,,,未知,0,平日,0,,,,,,,3.0,2,1
2026-03-02,,,175,自強,,,5050,,,未知,0,平日,0,,,,,,,2.0,1,0
2026-03-02,,,176,自強,,,0960,,,未知,0,平日,0,,,,,,,0.0,1,0
2026-03-02,,,176,自強,,,0930,,,未知,0,平日,0,,,,,,,1.0,0,0
2026-03-02,,,176,自強,,,7360,,,未知,0,平日,0,,,,,,,0.0,1,0
2026-03-02,,,177,自強,,,1080,,,未知,0,平日,0,,,,,,,0.0,0,0
2026-03-02,,,177,自強,,,1100,,,未知,0,平日,0,,,,,,,0.0,0,0
2026-03-02,,,177,自強,,,1120,,,未知,0,平日,0,,,,,,,0.0,0,0
2026-03-02,,,177,自強,,,1180,,,未知,0,平日,0,,,,,,,0.0,0,0
2026-03-02,,,177,自強,,,1250,,,未知,0,平日,0,,,,,,,0.0,0,0
2026-03-02,,,177,自強,,,3220,,,未知,0,平日,0,,,,,,,0.0,0,0
2026-03-02,,,177,自強,,,3230,,,未知,0,平日,0,,,,,,,0.0,0,0
2026-03-02,,,177,自強,,,3250,,,未知,0,平日,0,,,,,,,0.0,0,0
2026-03-02,,,177,自強,,,3340,,,未知,0,平日,0,,,,,,,0.0,0,0
2026-03-02,,,177,自強,,,3420,,,未知,0,平日,0,,,,,,,0.0,0,0
2026-03-02,,,177,自強,,,3480,,,未知,0,平日,0,,,,,,,0.0,0,0
2026-03-02,,,181,自強,,,7230,,,未知,0,平日,0,,,,,,,0.0,0,0
2026-03-02,,,181,自強,,,7360,,,未知,0,平日,0,,,,,,,0.0,0,0
2026-03-02,,,181,自強,,,0930,,,未知,0,平日,0,,,,,,,0.0,0,0
2026-03-02,,,181,自強,,,0990,,,未知,0,平日,0,,,,,,,0.0,2,1
2026-03-02,,,181,自強,,,1000,,,未知,0,平日,0,,,,,,,2.0,1,0
2026-03-02,,,181,自強,,,1080,,,未知,0,平日,0,,,,,,,1.0,1,0
2026-03-02,,,181,自強,,,1100,,,未知,0,平日,0,,,,,,,1.0,2,1
2026-03-02,,,181,自強,,,1210,,,未知,0,平日,0,,,,,,,2.0,4,1
2026-03-02,,,181,自強,,,3160,,,未知,0,平日,0,,,,,,,4.0,2,1
2026-03-02,,,181,自強,,,3230,,,未知,0,平日,0,,,,,,,2.0,4,1
2026-03-02,,,2,自強,,,3470,,,未知,0,平日,0,,,,,,,0.0,0,0
2026-03-02,,,2,自強,,,3360,,,未知,0,平日,0,,,,,,,0.0,0,0
2026-03-02,,,2,自強,,,3300,,,未知,0,平日,0,,,,,,,0.0,0,0
2026-03-02,,,2,自強,,,1210,,,未知,0,平日,0,,,,,,,0.0,0,0
2026-03-02,,,2,自強,,,1080,,,未知,0,平日,0,,,,,,,0.0,1,0
2026-03-02,,,2,自強,,,1020,,,未知,0,平日,0,,,,,,,1.0,0,0
2026-03-02,,,2,自強,,,1001,,,未知,0,平日,0,,,,,,,0.0,0,0
2026-03-02,,,2021,區間快,,,3360,,,未知,0,平日,0,,,,,,,0.0,0,0
2026-03-02,,,2023,區間快,,,3340,,,未知,0,平日,0,,,,,,,0.0,0,0
2026-03-02,,,2023,區間快,,,3360,,,未知,0,平日,0,,,,,,,0.0,3,1
2026-03-02,,,2023,區間快,,,3430,,,未知,0,平日,0,,,,,,,3.0,2,1
2026-03-02,,,2023,區間快,,,3470,,,未知,0,平日,0,,,,,,,2.0,2,1
2026-03-02,,,2027,區間快,,,3340,,,未知,0,平日,0,,,,,,,0.0,0,0
2026-03-02,,,2027,區間快,,,3360,,,未知,0,平日,0,,,,,,,0.0,0,0
2026-03-02,,,2027,區間快,,,3410,,,未知,0,平日,0,,,,,,,0.0,0,0
2026-03-02,,,2027,區間快,,,3450,,,未知,0,平日,0,,,,,,,0.0,1,0
2026-03-02,,,2027,區間快,,,4050,,,未知,0,平日,0,,,,,,,1.0,0,0
2026-03-02,,,2033,區間快,,,1090,,,未知,0,平日,0,,,,,,,0.0,0,0
2026-03-02,,,2033,區間快,,,1100,,,未知,0,平日,0,,,,,,,0.0,0,0
2026-03-02,,,2033,區間快,,,1160,,,未知,0,平日,0,,,,,,,0.0,0,0
2026-03-02,,,2033,區間快,,,1210,,,未知,0,平日,0,,,,,,,0.0,1,0
2026-03-02,,,2033,區間快,,,2130,,,未知,0,平日,0,,,,,,,1.0,3,1
2026-03-02,,,2033,區間快,,,2180,,,未知,0,平日,0,,,,,,,3.0,3,1
2026-03-02,,,2033,區間快,,,2200,,,未知,0,平日,0,,,,,,,3.0,5,1
2026-03-02,,,2033,區間快,,,2220,,,未知,0,平日,0,,,,,,,5.0,4,1
2026-03-02,,,2033,區間快,,,3360,,,未知,0,平日,0,,,,,,,4.0,4,1
2026-03-02,,,2037,區間快,,,0980,,,未知,0,平日,0,,,,,,,0.0,1,0
2026-03-02,,,2037,區間快,,,0990,,,未知,0,平日,0,,,,,,,1.0,3,1
2026-03-02,,,2037,區間快,,,1010,,,未知,0,平日,0,,,,,,,3.0,1,0
2026-03-02,,,2037,區間快,,,1080,,,未知,0,平日,0,,,,,,,1.0,0,0
2026-03-02,,,2037,區間快,,,1100,,,未知,0,平日,0,,,,,,,0.0,3,1
2026-03-02,,,2037,區間快,,,1120,,,未知,0,平日,0,,,,,,,3.0,1,0
2026-03-02,,,2037,區間快,,,1170,,,未知,0,平日,0,,,,,,,1.0,0,0
2026-03-02,,,2037,區間快,,,1210,,,未知,0,平日,0,,,,,,,0.0,0,0
2026-03-02,,,2037,區間快,,,1250,,,未知,0,平日,0,,,,,,,0.0,0,0
2026-03-02,,,2037,區間快,,,3160,,,未知,0,平日,0,,,,,,,0.0,0,0
2026-03-02,,,2037,區間快,,,3220,,,未知,0,平日,0,,,,,,,0.0,0,0
2026-03-02,,,2042,區間快,,,3250,,,未知,0,平日,0,,,,,,,0.0,0,0
2026-03-02,,,2042,區間快,,,3220,,,未知,0,平日,0,,,,,,,0.0,0,0
2026-03-02,,,2042,區間快,,,3180,,,未知,0,平日,0,,,,,,,0.0,0,0
2026-03-02,,,2042,區間快,,,1210,,,未知,0,平日,0,,,,,,,0.0,0,0
2026-03-02,,,2042,區間快,,,1180,,,未知,0,平日,0,,,,,,,0.0,0,0
2026-03-02,,,2042,區間快,,,1170,,,未知,0,平日,0,,,,,,,0.0,1,0
2026-03-02,,,2042,區間快,,,1110,,,未知,0,平日,0,,,,,,,1.0,0,0
2026-03-02,,,2042,區間快,,,1090,,,未知,0,平日,0,,,,,,,0.0,0,0
2026-03-02,,,2042,區間快,,,1070,,,未知,0,平日,0,,,,,,,0.0,0,0
2026-03-02,,,2042,區間快,,,1020,,,未知,0,平日,0,,,,,,,0.0,1,0
2026-03-02,,,2042,區間快,,,0980,,,未知,0,平日,0,,,,,,,1.0,0,0
2026-03-02,,,2046,區間快,,,2230,,,未知,0,平日,0,,,,,,,0.0,2,1
2026-03-02,,,2046,區間快,,,2180,,,未知,0,平日,0,,,,,,,2.0,3,1
2026-03-02,,,2046,區間快,,,1250,,,未知,0,平日,0,,,,,,,3.0,4,1
2026-03-02,,,2194,區間,,,0900,,,未知,0,平日,0,,,,,,,0.0,2,1
2026-03-02,,,2203,區間,,,4060,,,未知,0,平日,0,,,,,,,0.0,0,0
2026-03-02,,,2203,區間,,,4080,,,未知,0,平日,0,,,,,,,0.0,0,0
2026-03-02,,,2213,區間,,,3390,,,未知,0,平日,0,,,,,,,0.0,1,0
2026-03-02,,,2213,區間,,,3410,,,未知,0,平日,0,,,,,,,1.0,0,0
2026-03-02,,,2213,區間,,,3420,,,未知,0,平日,0,,,,,,,0.0,0,0
2026-03-02,,,2213,區間,,,3470,,,未知,0,平日,0,,,,,,,0.0,1,0
2026-03-02,,,2213,區間,,,4060,,,未知,0,平日,0,,,,,,,1.0,0,0
2026-03-02,,,2213,區間,,,4080,,,未知,0,平日,0,,,,,,,0.0,0,0
2026-03-02,,,2214,區間,,,1120,,,未知,0,平日,0,,,,,,,0.0,2,1
2026-03-02,,,2214,區間,,,1100,,,未知,0,平日,0,,,,,,,2.0,1,0
2026-03-02,,,2214,區間,,,1080,,,未知,0,平日,0,,,,,,,1.0,2,1
2026-03-02,,,2214,區間,,,1040,,,未知,0,平日,0,,,,,,,2.0,0,0
2026-03-02,,,2214,區間,,,1000,,,未知,0,平日,0,,,,,,,0.0,0,0
2026-03-02,,,2214,區間,,,0990,,,未知,0,平日,0,,,,,,,0.0,0,0
2026-03-02,,,2214,區間,,,0950,,,未知,0,平日,0,,,,,,,0.0,1,0
2026-03-02,,,2214,區間,,,0900,,,未知,0,平日,0,,,,,,,1.0,4,1
2026-03-02,,,2223,區間,,,3220,,,未知,0,平日,0,,,,,,,0.0,0,0
2026-03-02,,,2223,區間,,,3230,,,未知,0,平日,0,,,,,,,0.0,2,1
2026-03-02,,,2223,區間,,,3280,,,未知,0,平日,0,,,,,,,2.0,3,1
2026-03-02,,,2223,區間,,,3340,,,未知,0,平日,0,,,,,,,3.0,2,1
2026-03-02,,,2223,區間,,,3370,,,未知,0,平日,0,,,,,,,2.0,0,0
2026-03-02,,,2223,區間,,,3390,,,未知,0,平日,0,,,,,,,0.0,0,0
2026-03-02,,,2223,區間,,,3450,,,未知,0,平日,0,,,,,,,0.0,0,0
2026-03-02,,,2223,區間,,,3470,,,未知,0,平日,0,,,,,,,0.0,0,0
2026-03-02,,,2223,區間,,,4050,,,未知,0,平日,0,,,,,,,0.0,0,0
2026-03-02,,,2223,區間,,,4080,,,未知,0,平日,0,,,,,,,0.0,0,0
2026-03-02,,,2224,區間,,,1210,,,未知,0,平日,0,,,,,,,0.0,0,0
2026-03-02,,,2224,區間,,,1170,,,未知,0,平日,0,,,,,,,0.0,0,0
2026-03-02,,,2226,區間,,,3300,,,未知,0,平日,0,,,,,,,0.0,0,0
2026-03-02,,,2233,區間,,,3160,,,未知,0,平日,0,,,,,,,0.0,0,0
2026-03-02,,,2233,區間,,,3180,,,未知,0,平日,0,,,,,,,0.0,0,0
2026-03-02,,,2233,區間,,,3190,,,未知,0,平日,0,,,,,,,0.0,1,0
2026-03-02,,,2233,區間,,,3250,,,未知,0,平日,0,,,,,,,1.0,0,0
2026-03-02,,,2233,區間,,,3300,,,未知,0,平日,0,,,,,,,0.0,0,0
2026-03-02,,,2233,區間,,,3340,,,未知,0,平日,0,,,,,,,0.0,0,0
2026-03-02,,,2233,區間,,,3360,,,未知,0,平日,0,,,,,,,0.0,1,0
2026-03-02,,,2233,區間,,,3390,,,未知,0,平日,0,,,,,,,1.0,1,0
2026-03-02,,,2233,區間,,,3410,,,未知,0,平日,0,,,,,,,1.0,0,0
2026-03-02,,,2233,區間,,,3450,,,未知,0,平日,0,,,,,,,0.0,0,0
2026-03-02,,,2233,區間,,,3480,,,未知,0,平日,0,,,,,,,0.0,1,0
2026-03-02,,,2233,區間,,,4080,,,未知,0,平日,0,,,,,,,1.0,0,0
2026-03-02,,,2234,區間,,,3190,,,未知,0,平日,0,,,,,,,0.0,0,0
2026-03-02,,,2234,區間,,,3180,,,未知,0,平日,0,,,,,,,0.0,0,0
2026-03-02,,,2234,區間,,,3160,,,未知,0,平日,0,,,,,,,0.0,0,0
2026-03-02,,,2234,區間,,,1230,,,未知,0,平日,0,,,,,,,0.0,0,0
2026-03-02,,,2234,區間,,,1210,,,未知,0,平日,0,,,,,,,0.0,0,0
2026-03-02,,,2234,區間,,,1160,,,未知,0,平日,0,,,,,,,0.0,0,0
2026-03-02,,,2234,區間,,,1120,,,未知,0,平日,0,,,,,,,0.0,2,1
2026-03-02,,,2234,區間,,,1100,,,未知,0,平日,0,,,,,,,2.0,1,0
2026-03-02,,,2234,區間,,,1080,,,未知,0,平日,0,,,,,,,1.0,0,0
2026-03-02,,,2234,區間,,,1060,,,未知,0,平日,0,,,,,,,0.0,2,1
2026-03-02,,,2234,區間,,,0990,,,未知,0,平日,0,,,,,,,2.0,0,0
2026-03-02,,,2234,區間,,,0980,,,未知,0,平日,0,,,,,,,0.0,0,0
2026-03-02,,,2236,區間,,,3300,,,未知,0,平日,0,,,,,,,0.0,0,0
2026-03-02,,,2237,區間,,,1180,,,未知,0,平日,0,,,,,,,0.0,0,0
2026-03-02,,,2237,區間,,,1190,,,未知,0,平日,0,,,,,,,0.0,0,0
2026-03-02,,,2237,區間,,,1230,,,未知,0,平日,0,,,,,,,0.0,0,0
2026-03-02,,,2237,區間,,,3160,,,未知,0,平日,0,,,,,,,0.0,1,0
2026-03-02,,,2237,區間,,,3220,,,未知,0,平日,0,,,,,,,1.0,0,0
2026-03-02,,,2237,區間,,,3250,,,未知,0,平日,0,,,,,,,0.0,0,0
2026-03-02,,,2237,區間,,,3280,,,未知,0,平日,0,,,,,,,0.0,1,0
2026-03-02,,,2237,區間,,,3340,,,未知,0,平日,0,,,,,,,1.0,1,0
2026-03-02,,,2243,區間,,,1160,,,未知,0,平日,0,,,,,,,0.0,0,0
2026-03-02,,,2243,區間,,,1170,,,未知,0,平日,0,,,,,,,0.0,0,0
2026-03-02,,,2243,區間,,,1190,,,未知,0,平日,0,,,,,,,0.0,1,0
2026-03-02,,,2243,區間,,,1250,,,未知,0,平日,0,,,,,,,1.0,1,0
2026-03-02,,,2243,區間,,,3160,,,未知,0,平日,0,,,,,,,1.0,1,0
2026-03-02,,,2243,區間,,,3180,,,未知,0,平日,0,,,,,,,1.0,1,0
2026-03-02,,,2243,區間,,,3220,,,未知,0,平日,0,,,,,,,1.0,4,1
2026-03-02,,,2243,區間,,,3230,,,未知,0,平日,0,,,,,,,4.0,2,1
2026-03-02,,,2243,區間,,,3250,,,未知,0,平日,0,,,,,,,2.0,6,1
2026-03-02,,,2243,區間,,,3300,,,未知,0,平日,0,,,,,,,6.0,1,0
2026-03-02,,,2243,區間,,,3360,,,未知,0,平日,0,,,,,,,1.0,0,0
2026-03-02,,,2243,區間,,,3420,,,未知,0,平日,0,,,,,,,0.0,0,0
2026-03-02,,,2243,區間,,,3450,,,未知,0,平日,0,,,,,,,0.0,0,0
2026-03-02,,,2244,區間,,,3370,,,未知,0,平日,0,,,,,,,0.0,7,1
2026-03-02,,,2244,區間,,,3360,,,未知,0,平日,0,,,,,,,7.0,6,1
2026-03-02,,,2244,區間,,,3300,,,未知,0,平日,0,,,,,,,6.0,5,1
2026-03-02,,,2244,區間,,,3230,,,未知,0,平日,0,,,,,,,5.0,0,0
2026-03-02,,,2244,區間,,,3220,,,未知,0,平日,0,,,,,,,0.0,1,0
2026-03-02,,,2244,區間,,,3190,,,未知,0,平日,0,,,,,,,1.0,1,0
2026-03-02,,,2244,區間,,,1230,,,未知,0,平日,0,,,,,,,1.0,0,0
2026-03-02,,,2244,區間,,,1190,,,未知,0,平日,0,,,,,,,0.0,0,0
2026-03-02,,,2244,區間,,,1150,,,未知,0,平日,0,,,,,,,0.0,0,0
2026-03-02,,,2246,區間,,,3350,,,未知,0,平日,0,,,,,,,0.0,2,1
2026-03-02,,,2253,區間,,,1040,,,未知,0,平日,0,,,,,,,0.0,0,0
2026-03-02,,,2253,區間,,,1070,,,未知,0,平日,0,,,,,,,0.0,0,0
2026-03-02,,,2253,區間,,,1080,,,未知,0,平日,0,,,,,,,0.0,0,0
2026-03-02,,,2253,區間,,,1120,,,未知,0,平日,0,,,,,,,0.0,0,0
2026-03-02,,,2253,區間,,,1150,,,未知,0,平日,0,,,,,,,0.0,1,0
2026-03-02,,,2253,區間,,,1170,,,未知,0,平日,0,,,,,,,1.0,2,1
2026-03-02,,,2253,區間,,,1230,,,未知,0,平日,0,,,,,,,2.0,1,0
2026-03-02,,,2253,區間,,,3160,,,未知,0,平日,0,,,,,,,1.0,0,0
2026-03-02,,,2253,區間,,,3190,,,未知,0,平日,0,,,,,,,0.0,0,0
2026-03-02,,,2253,區間,,,3250,,,未知,0,平日,0,,,,,,,0.0,0,0
2026-03-02,,,2253,區間,,,3340,,,未知,0,平日,0,,,,,,,0.0,0,0
2026-03-02,,,2254,區間,,,3480,,,未知,0,平日,0,,,,,,,0.0,0,0
2026-03-02,,,2254,區間,,,3450,,,未知,0,平日,0,,,,,,,0.0,0,0
2026-03-02,,,2254,區間,,,3390,,,未知,0,平日,0,,,,,,,0.0,0,0
2026-03-02,,,2254,區間,,,3360,,,未知,0,平日,0,,,,,,,0.0,0,0
2026-03-02,,,2254,區間,,,3350,,,未知,0,平日,0,,,,,,,0.0,0,0
2026-03-02,,,2254,區間,,,3300,,,未知,0,平日,0,,,,,,,0.0,0,0
2026-03-02,,,2254,區間,,,3250,,,未知,0,平日,0,,,,,,,0.0,0,0
2026-03-02,,,2254,區間,,,3230,,,未知,0,平日,0,,,,,,,0.0,0,0
2026-03-02,,,2254,區間,,,3190,,,未知,0,平日,0,,,,,,,0.0,0,0
2026-03-02,,,2254,區間,,,1230,,,未知,0,平日,0,,,,,,,0.0,0,0
2026-03-02,,,2254,區間,,,1190,,,未知,0,平日,0,,,,,,,0.0,0,0
2026-03-02,,,2254,區間,,,1170,,,未知,0,平日,0,,,,,,,0.0,0,0
2026-03-02,,,2257,區間,,,3230,,,未知,0,平日,0,,,,,,,0.0,0,0
2026-03-02,,,2257,區間,,,3250,,,未知,0,平日,0,,,,,,,0.0,0,0
2026-03-02,,,2257,區間,,,3280,,,未知,0,平日,0,,,,,,,0.0,0,0
2026-03-02,,,2263,區間,,,1160,,,未知,0,平日,0,,,,,,,0.0,0,0
2026-03-02,,,2263,區間,,,1180,,,未知,0,平日,0,,,,,,,0.0,0,0
2026-03-02,,,2263,區間,,,1250,,,未知,0,平日,0,,,,,,,0.0,1,0
2026-03-02,,,2263,區間,,,3180,,,未知,0,平日,0,,,,,,,1.0,3,1
2026-03-02,,,2263,區間,,,3190,,,未知,0,平日,0,,,,,,,3.0,3,1
2026-03-02,,,2264,區間,,,4060,,,未知,0,平日,0,,,,,,,0.0,0,0
2026-03-02,,,2264,區間,,,3470,,,未知,0,平日,0,,,,,,,0.0,0,0
2026-03-02,,,2264,區間,,,3450,,,未知,0,平日,0,,,,,,,0.0,0,0
2026-03-02,,,2264,區間,,,3390,,,未知,0,平日,0,,,,,,,0.0,0,0
2026-03-02,,,2264,區間,,,3370,,,未知,0,平日,0,,,,,,,0.0,0,0
2026-03-02,,,2264,區間,,,3360,,,未知,0,平日,0,,,,,,,0.0,0,0
2026-03-02,,,2264,區間,,,3300,,,未知,0,平日,0,,,,,,,0.0,0,0
2026-03-02,,,2264,區間,,,3230,,,未知,0,平日,0,,,,,,,0.0,0,0
2026-03-02,,,2264,區間,,,3180,,,未知,0,平日,0,,,,,,,0.0,3,1
2026-03-02,,,2264,區間,,,3160,,,未知,0,平日,0,,,,,,,3.0,2,1
2026-03-02,,,2270,區間,,,3300,,,未知,0,平日,0,,,,,,,0.0,0,0
2026-03-02,,,2270,區間,,,3250,,,未知,0,平日,0,,,,,,,0.0,0,0
2026-03-02,,,2270,區間,,,3220,,,未知,0,平日,0,,,,,,,0.0,0,0
2026-03-02,,,2270,區間,,,3190,,,未知,0,平日,0,,,,,,,0.0,0,0
2026-03-02,,,2272,區間,,,3450,,,未知,0,平日,0,,,,,,,0.0,0,0
2026-03-02,,,2272,區間,,,3430,,,未知,0,平日,0,,,,,,,0.0,1,0
2026-03-02,,,2272,區間,,,3410,,,未知,0,平日,0,,,,,,,1.0,1,0
2026-03-02,,,2272,區間,,,3390,,,未知,0,平日,0,,,,,,,1.0,1,0
2026-03-02,,,2272,區間,,,3350,,,未知,0,平日,0,,,,,,,1.0,0,0
2026-03-02,,,2272,區間,,,3280,,,未知,0,平日,0,,,,,,,0.0,2,1
2026-03-02,,,2272,區間,,,3230,,,未知,0,平日,0,,,,,,,2.0,2,1
2026-03-02,,,2273,區間,,,0930,,,未知,0,平日,0,,,,,,,0.0,0,0
2026-03-02,,,2273,區間,,,0980,,,未知,0,平日,0,,,,,,,0.0,0,0
2026-03-02,,,2273,區間,,,1000,,,未知,0,平日,0,,,,,,,0.0,0,0
2026-03-02,,,2273,區間,,,1010,,,未知,0,平日,0,,,,,,,0.0,0,0
2026-03-02,,,2273,區間,,,1060,,,未知,0,平日,0,,,,,,,0.0,0,0
2026-03-02,,,2273,區間,,,1090,,,未知,0,平日,0,,,,,,,0.0,0,0
2026-03-02,,,2273,區間,,,1160,,,未知,0,平日,0,,,,,,,0.0,0,0
2026-03-02,,,2273,區間,,,1180,,,未知,0,平日,0,,,,,,,0.0,0,0
2026-03-02,,,2274,區間,,,4060,,,未知,0,平日,0,,,,,,,0.0,0,0
2026-03-02,,,2274,區間,,,3470,,,未知,0,平日,0,,,,,,,0.0,2,1
2026-03-02,,,2274,區間,,,3410,,,未知,0,平日,0,,,,,,,2.0,2,1
2026-03-02,,,2274,區間,,,3350,,,未知,0,平日,0,,,,,,,2.0,0,0
2026-03-02,,,2274,區間,,,3300,,,未知,0,平日,0,,,,,,,0.0,0,0
2026-03-02,,,2294,區間,,,4060,,,未知,0,平日,0,,,,,,,0.0,0,0
2026-03-02,,,231,傾斜式自強,,,0980,,,未知,0,平日,0,,,,,,,0.0,3,1
2026-03-02,,,231,傾斜式自強,,,1020,,,未知,0,平日,0,,,,,,,3.0,0,0
2026-03-02,,,231,傾斜式自強,,,1040,,,未知,0,平日,0,,,,,,,0.0,0,0
2026-03-02,,,235,傾斜式自強,,,7030,,,未知,0,平日,0,,,,,,,0.0,0,0
2026-03-02,,,235,傾斜式自強,,,7060,,,未知,0,平日,0,,,,,,,0.0,0,0
2026-03-02,,,235,傾斜式自強,,,7090,,,未知,0,平日,0,,,,,,,0.0,0,0
2026-03-02,,,235,傾斜式自強,,,7130,,,未知,0,平日,0,,,,,,,0.0,0,0
2026-03-02,,,235,傾斜式自強,,,7190,,,未知,0,平日,0,,,,,,,0.0,0,0
2026-03-02,,,235,傾斜式自強,,,7230,,,未知,0,平日,0,,,,,,,0.0,0,0
2026-03-02,,,235,傾斜式自強,,,7360,,,未知,0,平日,0,,,,,,,0.0,0,0
2026-03-02,,,235,傾斜式自強,,,0960,,,未知,0,平日,0,,,,,,,0.0,0,0
2026-03-02,,,235,傾斜式自強,,,1020,,,未知,0,平日,0,,,,,,,0.0,0,0
2026-03-02,,,235,傾斜式自強,,,1040,,,未知,0,平日,0,,,,,,,0.0,0,0
2026-03-02,,,241,自強,,,7030,,,未知,0,平日,0,,,,,,,0.0,0,0
2026-03-02,,,241,自強,,,7090,,,未知,0,平日,0,,,,,,,0.0,0,0
2026-03-02,,,241,自強,,,7190,,,未知,0,平日,0,,,,,,,0.0,0,0
2026-03-02,,,241,自強,,,7210,,,未知,0,平日,0,,,,,,,0.0,0,0
2026-03-02,,,246,自強,,,1020,,,未知,0,平日,0,,,,,,,0.0,0,0
2026-03-02,,,246,自強,,,1000,,,未知,0,平日,0,,,,,,,0.0,0,0
2026-03-02,,,246,自強,,,7360,,,未知,0,平日,0,,,,,,,0.0,0,0
2026-03-02,,,246,自強,,,7310,,,未知,0,平日,0,,,,,,,0.0,0,0
2026-03-02,,,246,自強,,,7230,,,未知,0,平日,0,,,,,,,0.0,0,0
2026-03-02,,,246,自強,,,7210,,,未知,0,平日,0,,,,,,,0.0,0,0
2026-03-02,,,246,自強,,,7160,,,未知,0,平日,0,,,,,,,0.0,0,0
2026-03-02,,,246,自強,,,7090,,,未知,0,平日,0,,,,,,,0.0,0,0
2026-03-02,,,246,自強,,,7030,,,未知,0,平日,0,,,,,,,0.0,0,0
2026-03-02,,,248,傾斜式自強,,,1000,,,未知,0,平日,0,,,,,,,0.0,0,0
2026-03-02,,,248,傾斜式自強,,,0990,,,未知,0,平日,0,,,,,,,0.0,0,0
2026-03-02,,,248,傾斜式自強,,,7190,,,未知,0,平日,0,,,,,,,0.0,0,0
2026-03-02,,,248,傾斜式自強,,,7000,,,未知,0,平日,0,,,,,,,0.0,0,0
2026-03-02,,,252,自強,,,1020,,,未知,0,平日,0,,,,,,,0.0,1,0
2026-03-02,,,252,自強,,,7360,,,未知,0,平日,0,,,,,,,1.0,0,0
2026-03-02,,,252,自強,,,7190,,,未知,0,平日,0,,,,,,,0.0,0,0
2026-03-02,,,2539,區間,,,3360,,,未知,0,平日,0,,,,,,,0.0,0,0
2026-03-02,,,2541,區間,,,2250,,,未知,0,平日,0,,,,,,,0.0,1,0
2026-03-02,,,2541,區間,,,3360,,,未知,0,平日,0,,,,,,,1.0,1,0
2026-03-02,,,2543,區間,,,2150,,,未知,0,平日,0,,,,,,,0.0,0,0
2026-03-02,,,2543,區間,,,2160,,,未知,0,平日,0,,,,,,,0.0,0,0
2026-03-02,,,2543,區間,,,2190,,,未知,0,平日,0,,,,,,,0.0,0,0
2026-03-02,,,2543,區間,,,2220,,,未知,0,平日,0,,,,,,,0.0,0,0
2026-03-02,,,2543,區間,,,2260,,,未知,0,平日,0,,,,,,,0.0,1,0
2026-03-02,,,2543,區間,,,3360,,,未知,0,平日,0,,,,,,,1.0,0,0
2026-03-02,,,2544,區間,,,1230,,,未知,0,平日,0,,,,,,,0.0,1,0
2026-03-02,,,2544,區間,,,1210,,,未知,0,平日,0,,,,,,,1.0,0,0
2026-03-02,,,2547,區間,,,1190,,,未知,0,平日,0,,,,,,,0.0,0,0
2026-03-02,,,2547,區間,,,1230,,,未知,0,平日,0,,,,,,,0.0,0,0
2026-03-02,,,2547,區間,,,2120,,,未知,0,平日,0,,,,,,,0.0,0,0
2026-03-02,,,2547,區間,,,2150,,,未知,0,平日,0,,,,,,,0.0,0,0
2026-03-02,,,2547,區間,,,2170,,,未知,0,平日,0,,,,,,,0.0,0,0
2026-03-02,,,2547,區間,,,2210,,,未知,0,平日,0,,,,,,,0.0,0,0
2026-03-02,,,2547,區間,,,2230,,,未知,0,平日,0,,,,,,,0.0,0,0
2026-03-02,,,2547,區間,,,2250,,,未知,0,平日,0,,,,,,,0.0,0,0
2026-03-02,,,2548,區間,,,2160,,,未知,0,平日,0,,,,,,,0.0,1,0
2026-03-02,,,2548,區間,,,2130,,,未知,0,平日,0,,,,,,,1.0,0,0
2026-03-02,,,2548,區間,,,2110,,,未知,0,平日,0,,,,,,,0.0,0,0
2026-03-02,,,2548,區間,,,1230,,,未知,0,平日,0,,,,,,,0.0,1,0
2026-03-02,,,2551,區間,,,1230,,,未知,0,平日,0,,,,,,,0.0,0,0
2026-03-02,,,2551,區間,,,1250,,,未知,0,平日,0,,,,,,,0.0,0,0
2026-03-02,,,2551,區間,,,2110,,,未知,0,平日,0,,,,,,,0.0,1,0
2026-03-02,,,2551,區間,,,2150,,,未知,0,平日,0,,,,,,,1.0,0,0
2026-03-02,,,2551,區間,,,2190,,,未知,0,平日,0,,,,,,,0.0,1,0
2026-03-02,,,2551,區間,,,2250,,,未知,0,平日,0,,,,,,,1.0,0,0
2026-03-02,,,2551,區間,,,3360,,,未知,0,平日,0,,,,,,,0.0,0,0
2026-03-02,,,2552,區間,,,2250,,,未知,0,平日,0,,,,,,,0.0,0,0
2026-03-02,,,2552,區間,,,2230,,,未知,0,平日,0,,,,,,,0.0,1,0
2026-03-02,,,2552,區間,,,2200,,,未知,0,平日,0,,,,,,,1.0,0,0
2026-03-02,,,2552,區間,,,2160,,,未知,0,平日,0,,,,,,,0.0,2,1
2026-03-02,,,2552,區間,,,2120,,,未知,0,平日,0,,,,,,,2.0,1,0
2026-03-02,,,2552,區間,,,2110,,,未知,0,平日,0,,,,,,,1.0,1,0
2026-03-02,,,2552,區間,,,1210,,,未知,0,平日,0,,,,,,,1.0,3,1
2026-03-02,,,2553,區間,,,1230,,,未知,0,平日,0,,,,,,,0.0,0,0
2026-03-02,,,2553,區間,,,2110,,,未知,0,平日,0,,,,,,,0.0,1,0
2026-03-02,,,2553,區間,,,2170,,,未知,0,平日,0,,,,,,,1.0,0,0
2026-03-02,,,2553,區間,,,2190,,,未知,0,平日,0,,,,,,,0.0,0,0
2026-03-02,,,2554,區間,,,2260,,,未知,0,平日,0,,,,,,,0.0,0,0
2026-03-02,,,2554,區間,,,2240,,,未知,0,平日,0,,,,,,,0.0,0,0
2026-03-02,,,2554,區間,,,2230,,,未知,0,平日,0,,,,,,,0.0,0,0
2026-03-02,,,2554,區間,,,2190,,,未知,0,平日,0,,,,,,,0.0,1,0
2026-03-02,,,2554,區間,,,2170,,,未知,0,平日,0,,,,,,,1.0,0,0
2026-03-02,,,2554,區間,,,2160,,,未知,0,平日,0,,,,,,,0.0,1,0
2026-03-02,,,2554,區間,,,2120,,,未知,0,平日,0,,,,,,,1.0,1,0
2026-03-02,,,2554,區間,,,1210,,,未知,0,平日,0,,,,,,,1.0,2,1
2026-03-02,,,2557,區間,,,1230,,,未知,0,平日,0,,,,,,,0.0,0,0
2026-03-02,,,2557,區間,,,1250,,,未知,0,平日,0,,,,,,,0.0,0,0
2026-03-02,,,2558,區間,,,2260,,,未知,0,平日,0,,,,,,,0.0,0,0
2026-03-02,,,2558,區間,,,2250,,,未知,0,平日,0,,,,,,,0.0,5,1
2026-03-02,,,2558,區間,,,2180,,,未知,0,平日,0,,,,,,,5.0,0,0
2026-03-02,,,2558,區間,,,2170,,,未知,0,平日,0,,,,,,,0.0,0,0
2026-03-02,,,2561,區間,,,1190,,,未知,0,平日,0,,,,,,,0.0,0,0
2026-03-02,,,2618,區間,,,2230,,,未知,0,平日,0,,,,,,,0.0,0,0
2026-03-02,,,2618,區間,,,2210,,,未知,0,平日,0,,,,,,,0.0,0,0
2026-03-02,,,2622,區間,,,3340,,,未知,0,平日,0,,,,,,,0.0,3,1
2026-03-02,,,2622,區間,,,2250,,,未知,0,平日,0,,,,,,,3.0,4,1
2026-03-02,,,2622,區間,,,2220,,,未知,0,平日,0,,,,,,,4.0,1,0
2026-03-02,,,2622,區間,,,2180,,,未知,0,平日,0,,,,,,,1.0,1,0
2026-03-02,,,2622,區間,,,2170,,,未知,0,平日,0,,,,,,,1.0,1,0
2026-03-02,,,2624,區間,,,3250,,,未知,0,平日,0,,,,,,,0.0,0,0
2026-03-02,,,2624,區間,,,3340,,,未知,0,平日,0,,,,,,,0.0,0,0
2026-03-02,,,2624,區間,,,2260,,,未知,0,平日,0,,,,,,,0.0,0,0
2026-03-02,,,2624,區間,,,2250,,,未知,0,平日,0,,,,,,,0.0,0,0
2026-03-02,,,2624,區間,,,2210,,,未知,0,平日,0,,,,,,,0.0,0,0
2026-03-02,,,2624,區間,,,2190,,,未知,0,平日,0,,,,,,,0.0,2,1
2026-03-02,,,2624,區間,,,2180,,,未知,0,平日,0,,,,,,,2.0,5,1
2026-03-02,,,2627,區間,,,2210,,,未知,0,平日,0,,,,,,,0.0,0,0
2026-03-02,,,2627,區間,,,2240,,,未知,0,平日,0,,,,,,,0.0,1,0
2026-03-02,,,2627,區間,,,3300,,,未知,0,平日,0,,,,,,,1.0,0,0
2026-03-02,,,2627,區間,,,3250,,,未知,0,平日,0,,,,,,,0.0,0,0
2026-03-02,,,2627,區間,,,3230,,,未知,0,平日,0,,,,,,,0.0,0,0
2026-03-02,,,2628,區間,,,3250,,,未知,0,平日,0,,,,,,,0.0,0,0
2026-03-02,,,2628,區間,,,3280,,,未知,0,平日,0,,,,,,,0.0,0,0
2026-03-02,,,2628,區間,,,3340,,,未知,0,平日,0,,,,,,,0.0,0,0
2026-03-02,,,2628,區間,,,2210,,,未知,0,平日,0,,,,,,,0.0,0,0
2026-03-02,,,2628,區間,,,2190,,,未知,0,平日,0,,,,,,,0.0,0,0
2026-03-02,,,2631,區間,,,2180,,,未知,0,平日,0,,,,,,,0.0,0,0
2026-03-02,,,2631,區間,,,2190,,,未知,0,平日,0,,,,,,,0.0,0,0
2026-03-02,,,2631,區間,,,2200,,,未知,0,平日,0,,,,,,,0.0,4,1
2026-03-02,,,2631,區間,,,2230,,,未知,0,平日,0,,,,,,,4.0,4,1
2026-03-02,,,2631,區間,,,3350,,,未知,0,平日,0,,,,,,,4.0,6,1
2026-03-02,,,2632,區間,,,3340,,,未知,0,平日,0,,,,,,,0.0,0,0
2026-03-02,,,2633,區間,,,2180,,,未知,0,平日,0,,,,,,,0.0,1,0
2026-03-02,,,2633,區間,,,2240,,,未知,0,平日,0,,,,,,,1.0,0,0
2026-03-02,,,2633,區間,,,2250,,,未知,0,平日,0,,,,,,,0.0,0,0
2026-03-02,,,2634,區間,,,3250,,,未知,0,平日,0,,,,,,,0.0,0,0
2026-03-02,,,273,傾斜式自強,,,3230,,,未知,0,平日,0,,,,,,,0.0,3,1
2026-03-02,,,273,傾斜式自強,,,3360,,,未知,0,平日,0,,,,,,,3.0,2,1
2026-03-02,,,282,傾斜式自強,,,7190,,,未知,0,平日,0,,,,,,,0.0,1,0
2026-03-02,,,282,傾斜式自強,,,7160,,,未知,0,平日,0,,,,,,,1.0,0,0
2026-03-02,,,282,傾斜式自強,,,7000,,,未知,0,平日,0,,,,,,,0.0,0,0
2026-03-02,,,283,自強,,,7160,,,未知,0,平日,0,,,,,,,0.0,0,0
2026-03-02,,,283,自強,,,0930,,,未知,0,平日,0,,,,,,,0.0,0,0
2026-03-02,,,283,自強,,,0990,,,未知,0,平日,0,,,,,,,0.0,0,0
2026-03-02,,,283,自強,,,1020,,,未知,0,平日,0,,,,,,,0.0,0,0
2026-03-02,,,283,自強,,,1210,,,未知,0,平日,0,,,,,,,0.0,0,0
2026-03-02,,,283,自強,,,3160,,,未知,0,平日,0,,,,,,,0.0,0,0
2026-03-02,,,285,自強,,,7160,,,未知,0,平日,0,,,,,,,0.0,1,0
2026-03-02,,,285,自強,,,7190,,,未知,0,平日,0,,,,,,,1.0,0,0
2026-03-02,,,285,自強,,,0930,,,未知,0,平日,0,,,,,,,0.0,0,0
2026-03-02,,,285,自強,,,0990,,,未知,0,平日,0,,,,,,,0.0,0,0
2026-03-02,,,285,自強,,,1020,,,未知,0,平日,0,,,,,,,0.0,0,0
2026-03-02,,,285,自強,,,1100,,,未知,0,平日,0,,,,,,,0.0,0,0
2026-03-02,,,285,自強,,,1210,,,未知,0,平日,0,,,,,,,0.0,0,0
2026-03-02,,,288,傾斜式自強,,,3300,,,未知,0,平日,0,,,,,,,0.0,0,0
2026-03-02,,,288,傾斜式自強,,,3160,,,未知,0,平日,0,,,,,,,0.0,0,0
2026-03-02,,,288,傾斜式自強,,,1210,,,未知,0,平日,0,,,,,,,0.0,0,0
2026-03-02,,,288,傾斜式自強,,,1100,,,未知,0,平日,0,,,,,,,0.0,0,0
2026-03-02,,,288,傾斜式自強,,,1020,,,未知,0,平日,0,,,,,,,0.0,0,0
2026-03-02,,,288,傾斜式自強,,,0990,,,未知,0,平日,0,,,,,,,0.0,0,0
2026-03-02,,,288,傾斜式自強,,,0930,,,未知,0,平日,0,,,,,,,0.0,0,0
2026-03-02,,,3021,區間快,,,5070,,,未知,0,平日,0,,,,,,,0.0,3,1
2026-03-02,,,3021,區間快,,,5090,,,未知,0,平日,0,,,,,,,3.0,1,0
2026-03-02,,,3021,區間快,,,5190,,,未知,0,平日,0,,,,,,,1.0,1,0
2026-03-02,,,3021,區間快,,,5200,,,未知,0,平日,0,,,,,,,1.0,0,0
2026-03-02,,,3021,區間快,,,5220,,,未知,0,平日,0,,,,,,,0.0,1,0
2026-03-02,,,3021,區間快,,,5230,,,未知,0,平日,0,,,,,,,1.0,2,1
2026-03-02,,,3021,區間快,,,5240,,,未知,0,平日,0,,,,,,,2.0,0,0
2026-03-02,,,3021,區間快,,,6000,,,未知,0,平日,0,,,,,,,0.0,0,0
2026-03-02,,,3023,區間快,,,4400,,,未知,0,平日,0,,,,,,,0.0,0,0
2026-03-02,,,3023,區間快,,,4440,,,未知,0,平日,0,,,,,,,0.0,0,0
2026-03-02,,,3023,區間快,,,5000,,,未知,0,平日,0,,,,,,,0.0,0,0
2026-03-02,,,3023,區間快,,,5090,,,未知,0,平日,0,,,,,,,0.0,0,0
2026-03-02,,,3023,區間快,,,5120,,,未知,0,平日,0,,,,,,,0.0,0,0
2026-03-02,,,3028,區間快,,,4150,,,未知,0,平日,0,,,,,,,0.0,1,0
2026-03-02,,,3028,區間快,,,4120,,,未知,0,平日,0,,,,,,,1.0,0,0
2026-03-02,,,3028,區間快,,,4080,,,未知,0,平日,0,,,,,,,0.0,0,0
2026-03-02,,,3028,區間快,,,3480,,,未知,0,平日,0,,,,,,,0.0,0,0
2026-03-02,,,3028,區間快,,,3430,,,未知,0,平日,0,,,,,,,0.0,0,0
2026-03-02,,,3028,區間快,,,3360,,,未知,0,平日,0,,,,,,,0.0,0,0
2026-03-02,,,3029,區間快,,,4190,,,未知,0,平日,0,,,,,,,0.0,1,0
2026-03-02,,,3029,區間快,,,4220,,,未知,0,平日,0,,,,,,,1.0,1,0
2026-03-02,,,3029,區間快,,,4290,,,未知,0,平日,0,,,,,,,1.0,0,0
2026-03-02,,,3029,區間快,,,4340,,,未知,0,平日,0,,,,,,,0.0,1,0
2026-03-02,,,3029,區間快,,,4460,,,未知,0,平日,0,,,,,,,1.0,0,0
2026-03-02,,,3029,區間快,,,5000,,,未知,0,平日,0,,,,,,,0.0,0,0
2026-03-02,,,3031,區間快,,,4310,,,未知,0,平日,0,,,,,,,0.0,0,0
2026-03-02,,,3031,區間快,,,4340,,,未知,0,平日,0,,,,,,,0.0,0,0
2026-03-02,,,3031,區間快,,,4400,,,未知,0,平日,0,,,,,,,0.0,0,0
2026-03-02,,,3031,區間快,,,4440,,,未知,0,平日,0,,,,,,,0.0,0,0
2026-03-02,,,3031,區間快,,,4460,,,未知,0,平日,0,,,,,,,0.0,0,0
2026-03-02,,,3031,區間快,,,5050,,,未知,0,平日,0,,,,,,,0.0,0,0
2026-03-02,,,3032,區間快,,,4340,,,未知,0,平日,0,,,,,,,0.0,0,0
2026-03-02,,,3032,區間快,,,4310,,,未知,0,平日,0,,,,,,,0.0,0,0
2026-03-02,,,3032,區間快,,,4220,,,未知,0,平日,0,,,,,,,0.0,0,0
2026-03-02,,,3035,區間快,,,3480,,,未知,0,平日,0,,,,,,,0.0,0,0
2026-03-02,,,3035,區間快,,,4050,,,未知,0,平日,0,,,,,,,0.0,0,0
2026-03-02,,,3035,區間快,,,4080,,,未知,0,平日,0,,,,,,,0.0,0,0
2026-03-02,,,3035,區間快,,,4150,,,未知,0,平日,0,,,,,,,0.0,0,0
2026-03-02,,,3035,區間快,,,4170,,,未知,0,平日,0,,,,,,,0.0,0,0
2026-03-02,,,3035,區間快,,,4190,,,未知,0,平日,0,,,,,,,0.0,0,0
2026-03-02,,,3035,區間快,,,4290,,,未知,0,平日,0,,,,,,,0.0,0,0
2026-03-02,,,3035,區間快,,,4300,,,未知,0,平日,0,,,,,,,0.0,0,0
2026-03-02,,,3035,區間快,,,4310,,,未知,0,平日,0,,,,,,,0.0,0,0
2026-03-02,,,3035,區間快,,,4400,,,未知,0,平日,0,,,,,,,0.0,0,0
2026-03-02,,,3035,區間快,,,5030,,,未知,0,平日,0,,,,,,,0.0,1,0
2026-03-02,,,3038,區間快,,,5160,,,未知,0,平日,0,,,,,,,0.0,0,0
2026-03-02,,,3038,區間快,,,5130,,,未知,0,平日,0,,,,,,,0.0,2,1
2026-03-02,,,3038,區間快,,,5100,,,未知,0,平日,0,,,,,,,2.0,1,0
2026-03-02,,,3038,區間快,,,5030,,,未知,0,平日,0,,,,,,,1.0,0,0
2026-03-02,,,3038,區間快,,,5000,,,未知,0,平日,0,,,,,,,0.0,0,0
2026-03-02,,,3038,區間快,,,4400,,,未知,0,平日,0,,,,,,,0.0,0,0
2026-03-02,,,3038,區間快,,,4340,,,未知,0,平日,0,,,,,,,0.0,0,0
2026-03-02,,,3081,區間快,,,4400,,,未知,0,平日,0,,,,,,,0.0,0,0
2026-03-02,,,3081,區間快,,,4440,,,未知,0,平日,0,,,,,,,0.0,0,0
2026-03-02,,,3081,區間快,,,5070,,,未知,0,平日,0,,,,,,,0.0,0,0
2026-03-02,,,3081,區間快,,,5090,,,未知,0,平日,0,,,,,,,0.0,0,0
2026-03-02,,,3082,區間快,,,5100,,,未知,0,平日,0,,,,,,,0.0,1,0
2026-03-02,,,3082,區間快,,,5070,,,未知,0,平日,0,,,,,,,1.0,0,0
2026-03-02,,,3082,區間快,,,5050,,,未知,0,平日,0,,,,,,,0.0,0,0
2026-03-02,,,3082,區間快,,,4460,,,未知,0,平日,0,,,,,,,0.0,0,0
2026-03-02,,,3082,區間快,,,4400,,,未知,0,平日,0,,,,,,,0.0,0,0
2026-03-02,,,3082,區間快,,,4370,,,未知,0,平日,0,,,,,,,0.0,0,0
2026-03-02,,,313,自強,,,6000,,,未知,0,平日,0,,,,,,,0.0,0,0
2026-03-02,,,317,自強,,,5220,,,未知,0,平日,0,,,,,,,0.0,0,0
2026-03-02,,,317,自強,,,5230,,,未知,0,平日,0,,,,,,,0.0,1,0
2026-03-02,,,317,自強,,,6000,,,未知,0,平日,0,,,,,,,1.0,0,0
2026-03-02,,,317,自強,,,6050,,,未知,0,平日,0,,,,,,,0.0,0,0
2026-03-02,,,317,自強,,,6110,,,未知,0,平日,0,,,,,,,0.0,0,0
2026-03-02,,,317,自強,,,6160,,,未知,0,平日,0,,,,,,,0.0,1,0
2026-03-02,,,317,自強,,,6180,,,未知,0,平日,0,,,,,,,1.0,0,0
2026-03-02,,,317,自強,,,6220,,,未知,0,平日,0,,,,,,,0.0,1,0
2026-03-02,,,317,自強,,,6250,,,未知,0,平日,0,,,,,,,1.0,0,0
2026-03-02,,,3208,區間,,,3300,,,未知,0,平日,0,,,,,,,0.0,3,1
2026-03-02,,,3208,區間,,,3280,,,未知,0,平日,0,,,,,,,3.0,3,1
2026-03-02,,,3208,區間,,,3250,,,未知,0,平日,0,,,,,,,3.0,5,1
2026-03-02,,,3218,區間,,,3430,,,未知,0,平日,0,,,,,,,0.0,1,0
2026-03-02,,,3218,區間,,,3410,,,未知,0,平日,0,,,,,,,1.0,1,0
2026-03-02,,,3218,區間,,,3390,,,未知,0,平日,0,,,,,,,1.0,1,0
2026-03-02,,,3218,區間,,,3350,,,未知,0,平日,0,,,,,,,1.0,0,0
2026-03-02,,,3218,區間,,,3280,,,未知,0,平日,0,,,,,,,0.0,0,0
2026-03-02,,,3218,區間,,,3250,,,未知,0,平日,0,,,,,,,0.0,0,0
2026-03-02,,,3218,區間,,,3230,,,未知,0,平日,0,,,,,,,0.0,1,0
2026-03-02,,,3221,區間,,,4460,,,未知,0,平日,0,,,,,,,0.0,10,1
2026-03-02,,,3221,區間,,,5030,,,未知,0,平日,0,,,,,,,10.0,13,1
2026-03-02,,,3227,區間,,,4400,,,未知,0,平日,0,,,,,,,0.0,0,0
2026-03-02,,,3227,區間,,,4440,,,未知,0,平日,0,,,,,,,0.0,0,0
2026-03-02,,,3227,區間,,,4460,,,未知,0,平日,0,,,,,,,0.0,1,0
2026-03-02,,,3227,區間,,,5030,,,未知,0,平日,0,,,,,,,1.0,2,1
2026-03-02,,,3228,區間,,,4090,,,未知,0,平日,0,,,,,,,0.0,0,0
2026-03-02,,,3228,區間,,,4060,,,未知,0,平日,0,,,,,,,0.0,0,0
2026-03-02,,,3228,區間,,,3480,,,未知,0,平日,0,,,,,,,0.0,1,0
2026-03-02,,,3228,區間,,,3450,,,未知,0,平日,0,,,,,,,1.0,0,0
2026-03-02,,,3228,區間,,,3410,,,未知,0,平日,0,,,,,,,0.0,0,0
2026-03-02,,,3228,區間,,,3360,,,未知,0,平日,0,,,,,,,0.0,0,0
2026-03-02,,,3228,區間,,,3300,,,未知,0,平日,0,,,,,,,0.0,0,0
2026-03-02,,,3228,區間,,,3250,,,未知,0,平日,0,,,,,,,0.0,0,0
2026-03-02,,,3229,區間,,,4370,,,未知,0,平日,0,,,,,,,0.0,0,0
2026-03-02,,,3229,區間,,,4440,,,未知,0,平日,0,,,,,,,0.0,0,0
2026-03-02,,,3229,區間,,,5000,,,未知,0,平日,0,,,,,,,0.0,0,0
2026-03-02,,,323,自強,,,4400,,,未知,0,平日,0,,,,,,,0.0,0,0
2026-03-02,,,323,自強,,,5000,,,未知,0,平日,0,,,,,,,0.0,0,0
2026-03-02,,,323,自強,,,5050,,,未知,0,平日,0,,,,,,,0.0,1,0
2026-03-02,,,323,自強,,,5120,,,未知,0,平日,0,,,,,,,1.0,0,0
2026-03-02,,,323,自強,,,5190,,,未知,0,平日,0,,,,,,,0.0,0,0
2026-03-02,,,323,自強,,,5230,,,未知,0,平日,0,,,,,,,0.0,2,1
2026-03-02,,,323,自強,,,6050,,,未知,0,平日,0,,,,,,,2.0,0,0
2026-03-02,,,3231,區間,,,4320,,,未知,0,平日,0,,,,,,,0.0,0,0
2026-03-02,,,3231,區間,,,4340,,,未知,0,平日,0,,,,,,,0.0,0,0
2026-03-02,,,3231,區間,,,4400,,,未知,0,平日,0,,,,,,,0.0,1,0
2026-03-02,,,3231,區間,,,4460,,,未知,0,平日,0,,,,,,,1.0,0,0
2026-03-02,,,3231,區間,,,5030,,,未知,0,平日,0,,,,,,,0.0,0,0
2026-03-02,,,3232,區間,,,4120,,,未知,0,平日,0,,,,,,,0.0,0,0
2026-03-02,,,3232,區間,,,4110,,,未知,0,平日,0,,,,,,,0.0,0,0
2026-03-02,,,3232,區間,,,4100,,,未知,0,平日,0,,,,,,,0.0,0,0
2026-03-02,,,3237,區間,,,4250,,,未知,0,平日,0,,,,,,,0.0,0,0
2026-03-02,,,3237,區間,,,4270,,,未知,0,平日,0,,,,,,,0.0,0,0
2026-03-02,,,3237,區間,,,4300,,,未知,0,平日,0,,,,,,,0.0,1,0
2026-03-02,,,3237,區間,,,4330,,,未知,0,平日,0,,,,,,,1.0,2,1
2026-03-02,,,3237,區間,,,4400,,,未知,0,平日,0,,,,,,,2.0,2,1
2026-03-02,,,3237,區間,,,4440,,,未知,0,平日,0,,,,,,,2.0,3,1
2026-03-02,,,3237,區間,,,5000,,,未知,0,平日,0,,,,,,,3.0,0,0
2026-03-02,,,3237,區間,,,5030,,,未知,0,平日,0,,,,,,,0.0,0,0
2026-03-02,,,3237,區間,,,5050,,,未知,0,平日,0,,,,,,,0.0,0,0
2026-03-02,,,3238,區間,,,4190,,,未知,0,平日,0,,,,,,,0.0,1,0
2026-03-02,,,3238,區間,,,4170,,,未知,0,平日,0,,,,,,,1.0,0,0
2026-03-02,,,3238,區間,,,4150,,,未知,0,平日,0,,,,,,,0.0,0,0
2026-03-02,,,3238,區間,,,4100,,,未知,0,平日,0,,,,,,,0.0,0,0
2026-03-02,,,3238,區間,,,4060,,,未知,0,平日,0,,,,,,,0.0,0,0
2026-03-02,,,3238,區間,,,3470,,,未知,0,平日,0,,,,,,,0.0,0,0
2026-03-02,,,3238,區間,,,3430,,,未知,0,平日,0,,,,,,,0.0,1,0
2026-03-02,,,3238,區間,,,3420,,,未知,0,平日,0,,,,,,,1.0,0,0
2026-03-02,,,3238,區間,,,3370,,,未知,0,平日,0,,,,,,,0.0,0,0
2026-03-02,,,3238,區間,,,3350,,,未知,0,平日,0,,,,,,,0.0,1,0
2026-03-02,,,3238,區間,,,3250,,,未知,0,平日,0,,,,,,,1.0,0,0
2026-03-02,,,324,自強,,,5000,,,未知,0,平日,0,,,,,,,0.0,0,0
2026-03-02,,,324,自強,,,4440,,,未知,0,平日,0,,,,,,,0.0,0,0
2026-03-02,,,324,自強,,,4340,,,未知,0,平日,0,,,,,,,0.0,0,0
2026-03-02,,,324,自強,,,4310,,,未知,0,平日,0,,,,,,,0.0,0,0
2026-03-02,,,324,自強,,,4220,,,未知,0,平日,0,,,,,,,0.0,2,1
2026-03-02,,,3241,區間,,,4170,,,未知,0,平日,0,,,,,,,0.0,1,0
2026-03-02,,,3241,區間,,,4190,,,未知,0,平日,0,,,,,,,1.0,1,0
2026-03-02,,,3241,區間,,,4250,,,未知,0,平日,0,,,,,,,1.0,0,0
2026-03-02,,,3241,區間,,,4310,,,未知,0,平日,0,,,,,,,0.0,0,0
2026-03-02,,,3241,區間,,,4340,,,未知,0,平日,0,,,,,,,0.0,0,0
2026-03-02,,,3241,區間,,,4370,,,未知,0,平日,0,,,,,,,0.0,0,0
2026-03-02,,,3241,區間,,,4440,,,未知,0,平日,0,,,,,,,0.0,0,0
2026-03-02,,,3241,區間,,,4460,,,未知,0,平日,0,,,,,,,0.0,0,0
2026-03-02,,,3241,區間,,,5000,,,未知,0,平日,0,,,,,,,0.0,0,0
2026-03-02,,,3241,區間,,,5030,,,未知,0,平日,0,,,,,,,0.0,0,0
2026-03-02,,,3242,區間,,,4270,,,未知,0,平日,0,,,,,,,0.0,0,0
2026-03-02,,,3242,區間,,,4250,,,未知,0,平日,0,,,,,,,0.0,0,0
2026-03-02,,,3242,區間,,,4200,,,未知,0,平日,0,,,,,,,0.0,0,0
2026-03-02,,,3242,區間,,,4150,,,未知,0,平日,0,,,,,,,0.0,0,0
2026-03-02,,,3242,區間,,,4110,,,未知,0,平日,0,,,,,,,0.0,0,0
2026-03-02,,,3242,區間,,,4100,,,未知,0,平日,0,,,,,,,0.0,0,0
2026-03-02,,,3242,區間,,,4060,,,未知,0,平日,0,,,,,,,0.0,0,0
2026-03-02,,,3247,區間,,,4140,,,未知,0,平日,0,,,,,,,0.0,0,0
2026-03-02,,,3247,區間,,,4150,,,未知,0,平日,0,,,,,,,0.0,0,0
2026-03-02,,,3247,區間,,,4190,,,未知,0,平日,0,,,,,,,0.0,1,0
2026-03-02,,,3247,區間,,,4250,,,未知,0,平日,0,,,,,,,1.0,0,0
2026-03-02,,,3247,區間,,,4270,,,未知,0,平日,0,,,,,,,0.0,1,0
2026-03-02,,,3247,區間,,,4290,,,未知,0,平日,0,,,,,,,1.0,1,0
2026-03-02,,,3247,區間,,,4320,,,未知,0,平日,0,,,,,,,1.0,1,0
2026-03-02,,,3247,區間,,,4370,,,未知,0,平日,0,,,,,,,1.0,1,0
2026-03-02,,,3247,區間,,,4400,,,未知,0,平日,0,,,,,,,1.0,1,0
2026-03-02,,,3247,區間,,,4440,,,未知,0,平日,0,,,,,,,1.0,0,0
2026-03-02,,,3247,區間,,,5030,,,未知,0,平日,0,,,,,,,0.0,0,0
2026-03-02,,,3248,區間,,,4330,,,未知,0,平日,0,,,,,,,0.0,0,0
2026-03-02,,,3248,區間,,,4320,,,未知,0,平日,0,,,,,,,0.0,1,0
2026-03-02,,,3248,區間,,,4300,,,未知,0,平日,0,,,,,,,1.0,0,0
2026-03-02,,,3248,區間,,,4220,,,未知,0,平日,0,,,,,,,0.0,0,0
2026-03-02,,,3248,區間,,,4190,,,未知,0,平日,0,,,,,,,0.0,0,0
2026-03-02,,,3248,區間,,,4170,,,未知,0,平日,0,,,,,,,0.0,0,0
2026-03-02,,,3248,區間,,,4140,,,未知,0,平日,0,,,,,,,0.0,1,0
2026-03-02,,,3248,區間,,,4110,,,未知,0,平日,0,,,,,,,1.0,1,0
2026-03-02,,,3248,區間,,,4090,,,未知,0,平日,0,,,,,,,1.0,0,0
2026-03-02,,,3248,區間,,,4060,,,未知,0,平日,0,,,,,,,0.0,0,0
2026-03-02,,,3248,區間,,,3470,,,未知,0,平日,0,,,,,,,0.0,0,0
2026-03-02,,,3248,區間,,,3390,,,未知,0,平日,0,,,,,,,0.0,0,0
2026-03-02,,,3250,區間,,,4370,,,未知,0,平日,0,,,,,,,0.0,0,0
2026-03-02,,,3250,區間,,,4340,,,未知,0,平日,0,,,,,,,0.0,0,0
2026-03-02,,,3251,區間,,,4100,,,未知,0,平日,0,,,,,,,0.0,1,0
2026-03-02,,,3251,區間,,,4110,,,未知,0,平日,0,,,,,,,1.0,0,0
2026-03-02,,,3251,區間,,,4150,,,未知,0,平日,0,,,,,,,0.0,1,0
2026-03-02,,,3251,區間,,,4190,,,未知,0,平日,0,,,,,,,1.0,2,1
2026-03-02,,,3251,區間,,,4200,,,未知,0,平日,0,,,,,,,2.0,1,0
2026-03-02,,,3251,區間,,,4250,,,未知,0,平日,0,,,,,,,1.0,0,0
2026-03-02,,,3251,區間,,,4270,,,未知,0,平日,0,,,,,,,0.0,0,0
2026-03-02,,,3251,區間,,,4300,,,未知,0,平日,0,,,,,,,0.0,0,0
2026-03-02,,,3251,區間,,,4340,,,未知,0,平日,0,,,,,,,0.0,0,0
2026-03-02,,,3251,區間,,,4400,,,未知,0,平日,0,,,,,,,0.0,1,0
2026-03-02,,,3251,區間,,,5030,,,未知,0,平日,0,,,,,,,1.0,0,0
2026-03-02,,,3251,區間,,,5050,,,未知,0,平日,0,,,,,,,0.0,1,0
2026-03-02,,,3252,區間,,,4440,,,未知,0,平日,0,,,,,,,0.0,1,0
2026-03-02,,,3252,區間,,,4400,,,未知,0,平日,0,,,,,,,1.0,1,0
2026-03-02,,,3252,區間,,,4370,,,未知,0,平日,0,,,,,,,1.0,0,0
2026-03-02,,,3252,區間,,,4310,,,未知,0,平日,0,,,,,,,0.0,1,0
2026-03-02,,,3252,區間,,,4270,,,未知,0,平日,0,,,,,,,1.0,0,0
2026-03-02,,,3252,區間,,,4250,,,未知,0,平日,0,,,,,,,0.0,0,0
2026-03-02,,,3252,區間,,,4190,,,未知,0,平日,0,,,,,,,0.0,1,0
2026-03-02,,,3252,區間,,,4170,,,未知,0,平日,0,,,,,,,1.0,1,0
2026-03-02,,,3252,區間,,,4150,,,未知,0,平日,0,,,,,,,1.0,2,1
2026-03-02,,,3252,區間,,,4120,,,未知,0,平日,0,,,,,,,2.0,3,1
2026-03-02,,,3252,區間,,,4060,,,未知,0,平日,0,,,,,,,3.0,3,1
2026-03-02,,,3252,區間,,,3470,,,未知,0,平日,0,,,,,,,3.0,1,0
2026-03-02,,,3252,區間,,,3450,,,未知,0,平日,0,,,,,,,1.0,0,0
2026-03-02,,,3257,區間,,,3450,,,未知,0,平日,0,,,,,,,0.0,2,1
2026-03-02,,,3257,區間,,,3480,,,未知,0,平日,0,,,,,,,2.0,1,0
2026-03-02,,,3257,區間,,,4080,,,未知,0,平日,0,,,,,,,1.0,0,0
2026-03-02,,,3257,區間,,,4110,,,未知,0,平日,0,,,,,,,0.0,1,0
2026-03-02,,,3257,區間,,,4120,,,未知,0,平日,0,,,,,,,1.0,1,0
2026-03-02,,,3257,區間,,,4170,,,未知,0,平日,0,,,,,,,1.0,1,0
2026-03-02,,,3257,區間,,,4200,,,未知,0,平日,0,,,,,,,1.0,0,0
2026-03-02,,,3257,區間,,,4220,,,未知,0,平日,0,,,,,,,0.0,0,0
2026-03-02,,,3257,區間,,,4270,,,未知,0,平日,0,,,,,,,0.0,0,0
2026-03-02,,,3257,區間,,,4320,,,未知,0,平日,0,,,,,,,0.0,1,0
2026-03-02,,,3257,區間,,,4440,,,未知,0,平日,0,,,,,,,1.0,1,0
2026-03-02,,,3257,區間,,,4460,,,未知,0,平日,0,,,,,,,1.0,1,0
2026-03-02,,,3258,區間,,,5030,,,未知,0,平日,0,,,,,,,0.0,0,0
2026-03-02,,,3258,區間,,,5000,,,未知,0,平日,0,,,,,,,0.0,0,0
2026-03-02,,,3258,區間,,,4400,,,未知,0,平日,0,,,,,,,0.0,1,0
2026-03-02,,,3258,區間,,,4370,,,未知,0,平日,0,,,,,,,1.0,0,0
2026-03-02,,,3258,區間,,,4340,,,未知,0,平日,0,,,,,,,0.0,0,0
2026-03-02,,,3258,區間,,,4290,,,未知,0,平日,0,,,,,,,0.0,0,0
2026-03-02,,,3258,區間,,,4220,,,未知,0,平日,0,,,,,,,0.0,0,0
2026-03-02,,,3258,區間,,,4200,,,未知,0,平日,0,,,,,,,0.0,0,0
2026-03-02,,,3258,區間,,,4170,,,未知,0,平日,0,,,,,,,0.0,0,0
2026-03-02,,,3258,區間,,,4120,,,未知,0,平日,0,,,,,,,0.0,0,0
2026-03-02,,,3258,區間,,,4060,,,未知,0,平日,0,,,,,,,0.0,0,0
2026-03-02,,,3258,區間,,,3480,,,未知,0,平日,0,,,,,,,0.0,0,0
2026-03-02,,,3261,區間,,,4100,,,未知,0,平日,0,,,,,,,0.0,0,0
2026-03-02,,,3261,區間,,,4140,,,未知,0,平日,0,,,,,,,0.0,0,0
2026-03-02,,,3261,區間,,,4170,,,未知,0,平日,0,,,,,,,0.0,0,0
2026-03-02,,,3261,區間,,,4190,,,未知,0,平日,0,,,,,,,0.0,0,0
2026-03-02,,,3261,區間,,,4220,,,未知,0,平日,0,,,,,,,0.0,0,0
2026-03-02,,,3261,區間,,,4300,,,未知,0,平日,0,,,,,,,0.0,0,0
2026-03-02,,,3261,區間,,,4400,,,未知,0,平日,0,,,,,,,0.0,0,0
2026-03-02,,,3261,區間,,,4440,,,未知,0,平日,0,,,,,,,0.0,0,0
2026-03-02,,,3262,區間,,,5000,,,未知,0,平日,0,,,,,,,0.0,0,0
2026-03-02,,,3262,區間,,,4440,,,未知,0,平日,0,,,,,,,0.0,1,0
2026-03-02,,,3262,區間,,,4400,,,未知,0,平日,0,,,,,,,1.0,0,0
2026-03-02,,,3262,區間,,,4340,,,未知,0,平日,0,,,,,,,0.0,0,0
2026-03-02,,,3262,區間,,,4320,,,未知,0,平日,0,,,,,,,0.0,0,0
2026-03-02,,,3262,區間,,,4300,,,未知,0,平日,0,,,,,,,0.0,2,1
2026-03-02,,,3262,區間,,,4250,,,未知,0,平日,0,,,,,,,2.0,2,1
2026-03-02,,,3262,區間,,,4190,,,未知,0,平日,0,,,,,,,2.0,3,1
2026-03-02,,,3262,區間,,,4110,,,未知,0,平日,0,,,,,,,3.0,3,1
2026-03-02,,,3262,區間,,,4100,,,未知,0,平日,0,,,,,,,3.0,2,1
2026-03-02,,,3266,區間,,,4460,,,未知,0,平日,0,,,,,,,0.0,0,0
2026-03-02,,,3266,區間,,,4400,,,未知,0,平日,0,,,,,,,0.0,0,0
2026-03-02,,,3266,區間,,,4340,,,未知,0,平日,0,,,,,,,0.0,0,0
2026-03-02,,,3266,區間,,,4310,,,未知,0,平日,0,,,,,,,0.0,1,0
2026-03-02,,,3266,區間,,,4220,,,未知,0,平日,0,,,,,,,1.0,0,0
2026-03-02,,,3267,區間,,,3350,,,未知,0,平日,0,,,,,,,0.0,1,0
2026-03-02,,,3267,區間,,,3370,,,未知,0,平日,0,,,,,,,1.0,2,1
2026-03-02,,,3267,區間,,,3390,,,未知,0,平日,0,,,,,,,2.0,2,1
2026-03-02,,,3267,區間,,,3450,,,未知,0,平日,0,,,,,,,2.0,1,0
2026-03-02,,,3267,區間,,,3480,,,未知,0,平日,0,,,,,,,1.0,1,0
2026-03-02,,,3267,區間,,,4080,,,未知,0,平日,0,,,,,,,1.0,2,1
2026-03-02,,,3267,區間,,,4100,,,未知,0,平日,0,,,,,,,2.0,1,0
2026-03-02,,,3267,區間,,,4120,,,未知,0,平日,0,,,,,,,1.0,0,0
2026-03-02,,,3267,區間,,,4170,,,未知,0,平日,0,,,,,,,0.0,0,0
2026-03-02,,,3267,區間,,,4220,,,未知,0,平日,0,,,,,,,0.0,0,0
2026-03-02,,,3267,區間,,,4310,,,未知,0,平日,0,,,,,,,0.0,0,0
2026-03-02,,,3267,區間,,,4320,,,未知,0,平日,0,,,,,,,0.0,0,0
2026-03-02,,,3268,區間,,,5030,,,未知,0,平日,0,,,,,,,0.0,0,0
2026-03-02,,,3268,區間,,,4460,,,未知,0,平日,0,,,,,,,0.0,1,0
2026-03-02,,,3268,區間,,,4440,,,未知,0,平日,0,,,,,,,1.0,0,0
2026-03-02,,,3268,區間,,,4400,,,未知,0,平日,0,,,,,,,0.0,0,0
2026-03-02,,,3268,區間,,,4340,,,未知,0,平日,0,,,,,,,0.0,0,0
2026-03-02,,,3268,區間,,,4300,,,未知,0,平日,0,,,,,,,0.0,0,0
2026-03-02,,,3268,區間,,,4190,,,未知,0,平日,0,,,,,,,0.0,0,0
2026-03-02,,,3268,區間,,,4170,,,未知,0,平日,0,,,,,,,0.0,0,0
2026-03-02,,,327,自強,,,4400,,,未知,0,平日,0,,,,,,,0.0,0,0
2026-03-02,,,3271,區間,,,4060,,,未知,0,平日,0,,,,,,,0.0,0,0
2026-03-02,,,3271,區間,,,4100,,,未知,0,平日,0,,,,,,,0.0,0,0
2026-03-02,,,3271,區間,,,4110,,,未知,0,平日,0,,,,,,,0.0,0,0
2026-03-02,,,3272,區間,,,5030,,,未知,0,平日,0,,,,,,,0.0,0,0
2026-03-02,,,3272,區間,,,5000,,,未知,0,平日,0,,,,,,,0.0,0,0
2026-03-02,,,3272,區間,,,4440,,,未知,0,平日,0,,,,,,,0.0,0,0
2026-03-02,,,3272,區間,,,4340,,,未知,0,平日,0,,,,,,,0.0,0,0
2026-03-02,,,3272,區間,,,4250,,,未知,0,平日,0,,,,,,,0.0,0,0
2026-03-02,,,3272,區間,,,4220,,,未知,0,平日,0,,,,,,,0.0,0,0
2026-03-02,,,3277,區間,,,3280,,,未知,0,平日,0,,,,,,,0.0,0,0
2026-03-02,,,3277,區間,,,3300,,,未知,0,平日,0,,,,,,,0.0,2,1
2026-03-02,,,3277,區間,,,3370,,,未知,0,平日,0,,,,,,,2.0,0,0
2026-03-02,,,3277,區間,,,3410,,,未知,0,平日,0,,,,,,,0.0,0,0
2026-03-02,,,3277,區間,,,3420,,,未知,0,平日,0,,,,,,,0.0,0,0
2026-03-02,,,3277,區間,,,3470,,,未知,0,平日,0,,,,,,,0.0,0,0
2026-03-02,,,3277,區間,,,4050,,,未知,0,平日,0,,,,,,,0.0,0,0
2026-03-02,,,3277,區間,,,4060,,,未知,0,平日,0,,,,,,,0.0,0,0
2026-03-02,,,3277,區間,,,4100,,,未知,0,平日,0,,,,,,,0.0,0,0
2026-03-02,,,3277,區間,,,4150,,,未知,0,平日,0,,,,,,,0.0,0,0
2026-03-02,,,3277,區間,,,4220,,,未知,0,平日,0,,,,,,,0.0,2,1
2026-03-02,,,3278,區間,,,5030,,,未知,0,平日,0,,,,,,,0.0,0,0
2026-03-02,,,3278,區間,,,4460,,,未知,0,平日,0,,,,,,,0.0,0,0
2026-03-02,,,3278,區間,,,4340,,,未知,0,平日,0,,,,,,,0.0,1,0
2026-03-02,,,3278,區間,,,4330,,,未知,0,平日,0,,,,,,,1.0,1,0
2026-03-02,,,3281,區間,,,4190,,,未知,0,平日,0,,,,,,,0.0,0,0
2026-03-02,,,3282,區間,,,5030,,,未知,0,平日,0,,,,,,,0.0,1,0
2026-03-02,,,3282,區間,,,4400,,,未知,0,平日,0,,,,,,,1.0,0,0
2026-03-02,,,3287,區間,,,3230,,,未知,0,平日,0,,,,,,,0.0,0,0
2026-03-02,,,3287,區間,,,3250,,,未知,0,平日,0,,,,,,,0.0,0,0
2026-03-02,,,3287,區間,,,3340,,,未知,0,平日,0,,,,,,,0.0,0,0
2026-03-02,,,3287,區間,,,3350,,,未知,0,平日,0,,,,,,,0.0,0,0
2026-03-02,,,3287,區間,,,3390,,,未知,0,平日,0,,,,,,,0.0,0,0
2026-03-02,,,3287,區間,,,3430,,,未知,0,平日,0,,,,,,,0.0,0,0
2026-03-02,,,3287,區間,,,4050,,,未知,0,平日,0,,,,,,,0.0,0,0
2026-03-02,,,3287,區間,,,4060,,,未知,0,平日,0,,,,,,,0.0,0,0
2026-03-02,,,3288,區間,,,5030,,,未知,0,平日,0,,,,,,,0.0,1,0
2026-03-02,,,3288,區間,,,5000,,,未知,0,平日,0,,,,,,,1.0,0,0
2026-03-02,,,3292,區間,,,5030,,,未知,0,平日,0,,,,,,,0.0,0,0
2026-03-02,,,3297,區間,,,3230,,,未知,0,平日,0,,,,,,,0.0,0,0
2026-03-02,,,3297,區間,,,3300,,,未知,0,平日,0,,,,,,,0.0,0,0
2026-03-02,,,3297,區間,,,3370,,,未知,0,平日,0,,,,,,,0.0,0,0
2026-03-02,,,3297,區間,,,3390,,,未知,0,平日,0,,,,,,,0.0,1,0
2026-03-02,,,3329,區間,,,5120,,,未知,0,平日,0,,,,,,,0.0,1,0
2026-03-02,,,3331,區間,,,5050,,,未知,0,平日,0,,,,,,,0.0,0,0
2026-03-02,,,3331,區間,,,5070,,,未知,0,平日,0,,,,,,,0.0,0,0
2026-03-02,,,3331,區間,,,5090,,,未知,0,平日,0,,,,,,,0.0,0,0
2026-03-02,,,3331,區間,,,5120,,,未知,0,平日,0,,,,,,,0.0,0,0
2026-03-02,,,3334,區間,,,5030,,,未知,0,平日,0,,,,,,,0.0,3,1
2026-03-02,,,3334,區間,,,5000,,,未知,0,平日,0,,,,,,,3.0,3,1
2026-03-02,,,3334,區間,,,4460,,,未知,0,平日,0,,,,,,,3.0,1,0
2026-03-02,,,3334,區間,,,4400,,,未知,0,平日,0,,,,,,,1.0,1,0
2026-03-02,,,3334,區間,,,4340,,,未知,0,平日,0,,,,,,,1.0,1,0
2026-03-02,,,3335,區間,,,4370,,,未知,0,平日,0,,,,,,,0.0,0,0
2026-03-02,,,3335,區間,,,4400,,,未知,0,平日,0,,,,,,,0.0,4,1
2026-03-02,,,3335,區間,,,4440,,,未知,0,平日,0,,,,,,,4.0,0,0
2026-03-02,,,3335,區間,,,4460,,,未知,0,平日,0,,,,,,,0.0,1,0
2026-03-02,,,3335,區間,,,5030,,,未知,0,平日,0,,,,,,,1.0,0,0
2026-03-02,,,3335,區間,,,5050,,,未知,0,平日,0,,,,,,,0.0,0,0
2026-03-02,,,3335,區間,,,5070,,,未知,0,平日,0,,,,,,,0.0,0,0
2026-03-02,,,3335,區間,,,5100,,,未知,0,平日,0,,,,,,,0.0,0,0
2026-03-02,,,3338,區間,,,5100,,,未知,0,平日,0,,,,,,,0.0,1,0
2026-03-02,,,3338,區間,,,5050,,,未知,0,平日,0,,,,,,,1.0,0,0
2026-03-02,,,3340,區間,,,5100,,,未知,0,平日,0,,,,,,,0.0,0,0
2026-03-02,,,3340,區間,,,5070,,,未知,0,平日,0,,,,,,,0.0,0,0
2026-03-02,,,3342,區間,,,5100,,,未知,0,平日,0,,,,,,,0.0,0,0
2026-03-02,,,3342,區間,,,5070,,,未知,0,平日,0,,,,,,,0.0,0,0
2026-03-02,,,3342,區間,,,5050,,,未知,0,平日,0,,,,,,,0.0,1,0
2026-03-02,,,3758,區間,,,4220,,,未知,0,平日,0,,,,,,,0.0,0,0
2026-03-02,,,3758,區間,,,4200,,,未知,0,平日,0,,,,,,,0.0,0,0
2026-03-02,,,3760,區間,,,4270,,,未知,0,平日,0,,,,,,,0.0,0,0
2026-03-02,,,3760,區間,,,4200,,,未知,0,平日,0,,,,,,,0.0,2,1
2026-03-02,,,3760,區間,,,4170,,,未知,0,平日,0,,,,,,,2.0,1,0
2026-03-02,,,3761,區間,,,4250,,,未知,0,平日,0,,,,,,,0.0,0,0
2026-03-02,,,3761,區間,,,4270,,,未知,0,平日,0,,,,,,,0.0,0,0
2026-03-02,,,3761,區間,,,4272,,,未知,0,平日,0,,,,,,,0.0,2,1
2026-03-02,,,3762,區間,,,4270,,,未知,0,平日,0,,,,,,,0.0,0,0
2026-03-02,,,3764,區間,,,4270,,,未知,0,平日,0,,,,,,,0.0,0,0
2026-03-02,,,3764,區間,,,4250,,,未知,0,平日,0,,,,,,,0.0,0,0
2026-03-02,,,3764,區間,,,4220,,,未知,0,平日,0,,,,,,,0.0,1,0
2026-03-02,,,3764,區間,,,4170,,,未知,0,平日,0,,,,,,,1.0,1,0
2026-03-02,,,3765,區間,,,4220,,,未知,0,平日,0,,,,,,,0.0,0,0
2026-03-02,,,3765,區間,,,4272,,,未知,0,平日,0,,,,,,,0.0,0,0
2026-03-02,,,3766,區間,,,4270,,,未知,0,平日,0,,,,,,,0.0,0,0
2026-03-02,,,3766,區間,,,4250,,,未知,0,平日,0,,,,,,,0.0,2,1
2026-03-02,,,3767,區間,,,4250,,,未知,0,平日,0,,,,,,,0.0,0,0
2026-03-02,,,3767,區間,,,4272,,,未知,0,平日,0,,,,,,,0.0,1,0
2026-03-02,,,3768,區間,,,4270,,,未知,0,平日,0,,,,,,,0.0,0,0
2026-03-02,,,3768,區間,,,4250,,,未知,0,平日,0,,,,,,,0.0,1,0
2026-03-02,,,3768,區間,,,4190,,,未知,0,平日,0,,,,,,,1.0,0,0
2026-03-02,,,3771,區間,,,4190,,,未知,0,平日,0,,,,,,,0.0,0,0
2026-03-02,,,3771,區間,,,4220,,,未知,0,平日,0,,,,,,,0.0,0,0
2026-03-02,,,3771,區間,,,4250,,,未知,0,平日,0,,,,,,,0.0,0,0
2026-03-02,,,3771,區間,,,4272,,,未知,0,平日,0,,,,,,,0.0,0,0
2026-03-02,,,3772,區間,,,4270,,,未知,0,平日,0,,,,,,,0.0,0,0
2026-03-02,,,3773,區間,,,4250,,,未知,0,平日,0,,,,,,,0.0,0,0
2026-03-02,,,3774,區間,,,4270,,,未知,0,平日,0,,,,,,,0.0,0,0
2026-03-02,,,3775,區間,,,4272,,,未知,0,平日,0,,,,,,,0.0,0,0
2026-03-02,,,3776,區間,,,4270,,,未知,0,平日,0,,,,,,,0.0,0,0
2026-03-02,,,3777,區間,,,4190,,,未知,0,平日,0,,,,,,,0.0,0,0
2026-03-02,,,3777,區間,,,4250,,,未知,0,平日,0,,,,,,,0.0,0,0
2026-03-02,,,3777,區間,,,4270,,,未知,0,平日,0,,,,,,,0.0,1,0
2026-03-02,,,3778,區間,,,4270,,,未知,0,平日,0,,,,,,,0.0,0,0
2026-03-02,,,3781,區間,,,4250,,,未知,0,平日,0,,,,,,,0.0,0,0
2026-03-02,,,385,自強,,,3390,,,未知,0,平日,0,,,,,,,0.0,0,0
2026-03-02,,,385,自強,,,3470,,,未知,0,平日,0,,,,,,,0.0,0,0
2026-03-02,,,385,自強,,,4080,,,未知,0,平日,0,,,,,,,0.0,0,0
2026-03-02,,,385,自強,,,4220,,,未知,0,平日,0,,,,,,,0.0,0,0
2026-03-02,,,385,自強,,,4340,,,未知,0,平日,0,,,,,,,0.0,0,0
2026-03-02,,,385,自強,,,4400,,,未知,0,平日,0,,,,,,,0.0,0,0
2026-03-02,,,385,自強,,,5000,,,未知,0,平日,0,,,,,,,0.0,0,0
2026-03-02,,,385,自強,,,5090,,,未知,0,平日,0,,,,,,,0.0,0,0
2026-03-02,,,385,自強,,,5190,,,未知,0,平日,0,,,,,,,0.0,0,0
2026-03-02,,,386,自強,,,5190,,,未知,0,平日,0,,,,,,,0.0,0,0
2026-03-02,,,386,自強,,,5120,,,未知,0,平日,0,,,,,,,0.0,0,0
2026-03-02,,,386,自強,,,5050,,,未知,0,平日,0,,,,,,,0.0,0,0
2026-03-02,,,386,自強,,,4440,,,未知,0,平日,0,,,,,,,0.0,0,0
2026-03-02,,,386,自強,,,4220,,,未知,0,平日,0,,,,,,,0.0,0,0
2026-03-02,,,386,自強,,,4120,,,未知,0,平日,0,,,,,,,0.0,0,0
2026-03-02,,,386,自強,,,4080,,,未知,0,平日,0,,,,,,,0.0,0,0
2026-03-02,,,386,自強,,,3390,,,未知,0,平日,0,,,,,,,0.0,0,0
2026-03-02,,,386,自強,,,3360,,,未知,0,平日,0,,,,,,,0.0,0,0
2026-03-02,,,3861,區間快,,,4272,,,未知,0,平日,0,,,,,,,0.0,0,0
2026-03-02,,,3863,區間快,,,4170,,,未知,0,平日,0,,,,,,,0.0,0,0
2026-03-02,,,3863,區間快,,,4270,,,未知,0,平日,0,,,,,,,0.0,1,0
2026-03-02,,,4027,區間快,,,0960,,,未知,0,平日,0,,,,,,,0.0,0,0
2026-03-02,,,4027,區間快,,,0980,,,未知,0,平日,0,,,,,,,0.0,3,1
2026-03-02,,,4027,區間快,,,1000,,,未知,0,平日,0,,,,,,,3.0,1,0
2026-03-02,,,4027,區間快,,,1070,,,未知,0,平日,0,,,,,,,1.0,0,0
2026-03-02,,,4027,區間快,,,1090,,,未知,0,平日,0,,,,,,,0.0,0,0
2026-03-02,,,4027,區間快,,,1110,,,未知,0,平日,0,,,,,,,0.0,2,1
2026-03-02,,,4027,區間快,,,1160,,,未知,0,平日,0,,,,,,,2.0,0,0
2026-03-02,,,4032,區間快,,,7000,,,未知,0,平日,0,,,,,,,0.0,0,0
2026-03-02,,,4033,區間快,,,7190,,,未知,0,平日,0,,,,,,,0.0,0,0
2026-03-02,,,4037,區間快,,,7010,,,未知,0,平日,0,,,,,,,0.0,0,0
2026-03-02,,,4037,區間快,,,7050,,,未知,0,平日,0,,,,,,,0.0,0,0
2026-03-02,,,4037,區間快,,,7060,,,未知,0,平日,0,,,,,,,0.0,0,0
2026-03-02,,,4037,區間快,,,7070,,,未知,0,平日,0,,,,,,,0.0,0,0
2026-03-02,,,4037,區間快,,,7090,,,未知,0,平日,0,,,,,,,0.0,0,0
2026-03-02,,,4037,區間快,,,7160,,,未知,0,平日,0,,,,,,,0.0,0,0
2026-03-02,,,4037,區間快,,,7290,,,未知,0,平日,0,,,,,,,0.0,0,0
2026-03-02,,,4039,區間快,,,7030,,,未知,0,平日,0,,,,,,,0.0,0,0
2026-03-02,,,4039,區間快,,,7060,,,未知,0,平日,0,,,,,,,0.0,0,0
2026-03-02,,,4042,區間快,,,7160,,,未知,0,平日,0,,,,,,,0.0,0,0
2026-03-02,,,4042,區間快,,,7100,,,未知,0,平日,0,,,,,,,0.0,0,0
2026-03-02,,,4042,區間快,,,7070,,,未知,0,平日,0,,,,,,,0.0,0,0
2026-03-02,,,4042,區間快,,,7060,,,未知,0,平日,0,,,,,,,0.0,0,0
2026-03-02,,,4042,區間快,,,7040,,,未知,0,平日,0,,,,,,,0.0,0,0
2026-03-02,,,4042,區間快,,,7000,,,未知,0,平日,0,,,,,,,0.0,0,0
2026-03-02,,,4044,區間快,,,7350,,,未知,0,平日,0,,,,,,,0.0,0,0
2026-03-02,,,4044,區間快,,,7310,,,未知,0,平日,0,,,,,,,0.0,0,0
2026-03-02,,,4044,區間快,,,7290,,,未知,0,平日,0,,,,,,,0.0,2,1
2026-03-02,,,4044,區間快,,,7210,,,未知,0,平日,0,,,,,,,2.0,0,0
2026-03-02,,,4044,區間快,,,7160,,,未知,0,平日,0,,,,,,,0.0,0,0
2026-03-02,,,4046,區間快,,,1090,,,未知,0,平日,0,,,,,,,0.0,0,0
2026-03-02,,,4046,區間快,,,1070,,,未知,0,平日,0,,,,,,,0.0,0,0
2026-03-02,,,4046,區間快,,,1040,,,未知,0,平日,0,,,,,,,0.0,0,0
2026-03-02,,,4046,區間快,,,1000,,,未知,0,平日,0,,,,,,,0.0,0,0
2026-03-02,,,4046,區間快,,,0960,,,未知,0,平日,0,,,,,,,0.0,0,0
2026-03-02,,,4046,區間快,,,0930,,,未知,0,平日,0,,,,,,,0.0,0,0
2026-03-02,,,4046,區間快,,,7360,,,未知,0,平日,0,,,,,,,0.0,0,0
2026-03-02,,,4046,區間快,,,7310,,,未知,0,平日,0,,,,,,,0.0,0,0
2026-03-02,,,4046,區間快,,,7300,,,未知,0,平日,0,,,,,,,0.0,0,0
2026-03-02,,,4046,區間快,,,7290,,,未知,0,平日,0,,,,,,,0.0,0,0
2026-03-02,,,4046,區間快,,,7210,,,未知,0,平日,0,,,,,,,0.0,0,0
2026-03-02,,,4046,區間快,,,7100,,,未知,0,平日,0,,,,,,,0.0,0,0
2026-03-02,,,4046,區間快,,,7090,,,未知,0,平日,0,,,,,,,0.0,0,0
2026-03-02,,,4048,區間快,,,1020,,,未知,0,平日,0,,,,,,,0.0,0,0
2026-03-02,,,4048,區間快,,,1010,,,未知,0,平日,0,,,,,,,0.0,0,0
2026-03-02,,,4048,區間快,,,0980,,,未知,0,平日,0,,,,,,,0.0,0,0
2026-03-02,,,4048,區間快,,,7360,,,未知,0,平日,0,,,,,,,0.0,0,0
2026-03-02,,,4048,區間快,,,7230,,,未知,0,平日,0,,,,,,,0.0,0,0
2026-03-02,,,4191,區間,,,1060,,,未知,0,平日,0,,,,,,,0.0,0,0
2026-03-02,,,4191,區間,,,1080,,,未知,0,平日,0,,,,,,,0.0,0,0
2026-03-02,,,4193,區間,,,0980,,,未知,0,平日,0,,,,,,,0.0,2,1
2026-03-02,,,4193,區間,,,1000,,,未知,0,平日,0,,,,,,,2.0,1,0
2026-03-02,,,4193,區間,,,1020,,,未知,0,平日,0,,,,,,,1.0,0,0
2026-03-02,,,4197,區間,,,7380,,,未知,0,平日,0,,,,,,,0.0,0,0
2026-03-02,,,4197,區間,,,0930,,,未知,0,平日,0,,,,,,,0.0,1,0
2026-03-02,,,4197,區間,,,0950,,,未知,0,平日,0,,,,,,,1.0,0,0
2026-03-02,,,4197,區間,,,1010,,,未知,0,平日,0,,,,,,,0.0,0,0
2026-03-02,,,4206,區間,,,7160,,,未知,0,平日,0,,,,,,,0.0,0,0
2026-03-02,,,4206,區間,,,7130,,,未知,0,平日,0,,,,,,,0.0,0,0
2026-03-02,,,4206,區間,,,7100,,,未知,0,平日,0,,,,,,,0.0,0,0
2026-03-02,,,4206,區間,,,7070,,,未知,0,平日,0,,,,,,,0.0,0,0
2026-03-02,,,4206,區間,,,7040,,,未知,0,平日,0,,,,,,,0.0,1,0
2026-03-02,,,4206,區間,,,7030,,,未知,0,平日,0,,,,,,,1.0,0,0
2026-03-02,,,4206,區間,,,7010,,,未知,0,平日,0,,,,,,,0.0,0,0
2026-03-02,,,4208,區間,,,7180,,,未知,0,平日,0,,,,,,,0.0,0,0
2026-03-02,,,4208,區間,,,7150,,,未知,0,平日,0,,,,,,,0.0,0,0
2026-03-02,,,4208,區間,,,7120,,,未知,0,平日,0,,,,,,,0.0,0,0
2026-03-02,,,4209,區間,,,7300,,,未知,0,平日,0,,,,,,,0.0,0,0
2026-03-02,,,4209,區間,,,7330,,,未知,0,平日,0,,,,,,,0.0,0,0
2026-03-02,,,4209,區間,,,7380,,,未知,0,平日,0,,,,,,,0.0,0,0
2026-03-02,,,4209,區間,,,0950,,,未知,0,平日,0,,,,,,,0.0,0,0
2026-03-02,,,4209,區間,,,0980,,,未知,0,平日,0,,,,,,,0.0,0,0
2026-03-02,,,4209,區間,,,1000,,,未知,0,平日,0,,,,,,,0.0,0,0
2026-03-02,,,4209,區間,,,1040,,,未知,0,平日,0,,,,,,,0.0,0,0
2026-03-02,,,4209,區間,,,1080,,,未知,0,平日,0,,,,,,,0.0,0,0
2026-03-02,,,4209,區間,,,1130,,,未知,0,平日,0,,,,,,,0.0,0,0
2026-03-02,,,4209,區間,,,1150,,,未知,0,平日,0,,,,,,,0.0,0,0
2026-03-02,,,4211,區間,,,7210,,,未知,0,平日,0,,,,,,,0.0,0,0
2026-03-02,,,4211,區間,,,7230,,,未知,0,平日,0,,,,,,,0.0,0,0
2026-03-02,,,4211,區間,,,7250,,,未知,0,平日,0,,,,,,,0.0,0,0
2026-03-02,,,4211,區間,,,7300,,,未知,0,平日,0,,,,,,,0.0,0,0
2026-03-02,,,4211,區間,,,7330,,,未知,0,平日,0,,,,,,,0.0,0,0
2026-03-02,,,4211,區間,,,0930,,,未知,0,平日,0,,,,,,,0.0,0,0
2026-03-02,,,4211,區間,,,0950,,,未知,0,平日,0,,,,,,,0.0,0,0
2026-03-02,,,4211,區間,,,1000,,,未知,0,平日,0,,,,,,,0.0,0,0
2026-03-02,,,4211,區間,,,1040,,,未知,0,平日,0,,,,,,,0.0,0,0
2026-03-02,,,4213,區間,,,7150,,,未知,0,平日,0,,,,,,,0.0,1,0
2026-03-02,,,4213,區間,,,7180,,,未知,0,平日,0,,,,,,,1.0,0,0
2026-03-02,,,4213,區間,,,7210,,,未知,0,平日,0,,,,,,,0.0,0,0
2026-03-02,,,4215,區間,,,7380,,,未知,0,平日,0,,,,,,,0.0,0,0
2026-03-02,,,4215,區間,,,0930,,,未知,0,平日,0,,,,,,,0.0,0,0
2026-03-02,,,4215,區間,,,0980,,,未知,0,平日,0,,,,,,,0.0,0,0
2026-03-02,,,4215,區間,,,1040,,,未知,0,平日,0,,,,,,,0.0,0,0
2026-03-02,,,4216,區間,,,7250,,,未知,0,平日,0,,,,,,,0.0,4,1
2026-03-02,,,4216,區間,,,7230,,,未知,0,平日,0,,,,,,,4.0,3,1
2026-03-02,,,4216,區間,,,7180,,,未知,0,平日,0,,,,,,,3.0,4,1
2026-03-02,,,4216,區間,,,7110,,,未知,0,平日,0,,,,,,,4.0,3,1
2026-03-02,,,4216,區間,,,7090,,,未知,0,平日,0,,,,,,,3.0,0,0
2026-03-02,,,4218,區間,,,7310,,,未知,0,平日,0,,,,,,,0.0,0,0
2026-03-02,,,4218,區間,,,7290,,,未知,0,平日,0,,,,,,,0.0,0,0
2026-03-02,,,4221,區間,,,7130,,,未知,0,平日,0,,,,,,,0.0,0,0
2026-03-02,,,4221,區間,,,7150,,,未知,0,平日,0,,,,,,,0.0,1,0
2026-03-02,,,4221,區間,,,7210,,,未知,0,平日,0,,,,,,,1.0,0,0
2026-03-02,,,4221,區間,,,7250,,,未知,0,平日,0,,,,,,,0.0,0,0
2026-03-02,,,4221,區間,,,7270,,,未知,0,平日,0,,,,,,,0.0,0,0
2026-03-02,,,4221,區間,,,7300,,,未知,0,平日,0,,,,,,,0.0,0,0
2026-03-02,,,4221,區間,,,7330,,,未知,0,平日,0,,,,,,,0.0,0,0
2026-03-02,,,4221,區間,,,7360,,,未知,0,平日,0,,,,,,,0.0,0,0
2026-03-02,,,4221,區間,,,0950,,,未知,0,平日,0,,,,,,,0.0,0,0
2026-03-02,,,4221,區間,,,1020,,,未知,0,平日,0,,,,,,,0.0,0,0
2026-03-02,,,4221,區間,,,1040,,,未知,0,平日,0,,,,,,,0.0,0,0
2026-03-02,,,4222,區間,,,7210,,,未知,0,平日,0,,,,,,,0.0,0,0
2026-03-02,,,4222,區間,,,7200,,,未知,0,平日,0,,,,,,,0.0,0,0
2026-03-02,,,4222,區間,,,7150,,,未知,0,平日,0,,,,,,,0.0,0,0
2026-03-02,,,4222,區間,,,7120,,,未知,0,平日,0,,,,,,,0.0,0,0
2026-03-02,,,4224,區間,,,7380,,,未知,0,平日,0,,,,,,,0.0,1,0
2026-03-02,,,4224,區間,,,7360,,,未知,0,平日,0,,,,,,,1.0,0,0
2026-03-02,,,4224,區間,,,7330,,,未知,0,平日,0,,,,,,,0.0,0,0
2026-03-02,,,4224,區間,,,7300,,,未知,0,平日,0,,,,,,,0.0,0,0
2026-03-02,,,4224,區間,,,7250,,,未知,0,平日,0,,,,,,,0.0,0,0
2026-03-02,,,4224,區間,,,7230,,,未知,0,平日,0,,,,,,,0.0,0,0
2026-03-02,,,4224,區間,,,7200,,,未知,0,平日,0,,,,,,,0.0,0,0
2026-03-02,,,4225,區間,,,7300,,,未知,0,平日,0,,,,,,,0.0,0,0
2026-03-02,,,4225,區間,,,7360,,,未知,0,平日,0,,,,,,,0.0,0,0
2026-03-02,,,4225,區間,,,0950,,,未知,0,平日,0,,,,,,,0.0,0,0
2026-03-02,,,4227,區間,,,7050,,,未知,0,平日,0,,,,,,,0.0,0,0
2026-03-02,,,4227,區間,,,7060,,,未知,0,平日,0,,,,,,,0.0,0,0
2026-03-02,,,4227,區間,,,7070,,,未知,0,平日,0,,,,,,,0.0,0,0
2026-03-02,,,4227,區間,,,7100,,,未知,0,平日,0,,,,,,,0.0,0,0
2026-03-02,,,4227,區間,,,7130,,,未知,0,平日,0,,,,,,,0.0,0,0
2026-03-02,,,4227,區間,,,7150,,,未知,0,平日,0,,,,,,,0.0,0,0
2026-03-02,,,4228,區間,,,7180,,,未知,0,平日,0,,,,,,,0.0,0,0
2026-03-02,,,4228,區間,,,7160,,,未知,0,平日,0,,,,,,,0.0,0,0
2026-03-02,,,4228,區間,,,7110,,,未知,0,平日,0,,,,,,,0.0,0,0
2026-03-02,,,4228,區間,,,7070,,,未知,0,平日,0,,,,,,,0.0,0,0
2026-03-02,,,4228,區間,,,7030,,,未知,0,平日,0,,,,,,,0.0,0,0
2026-03-02,,,4228,區間,,,7020,,,未知,0,平日,0,,,,,,,0.0,0,0
2026-03-02,,,4229,區間,,,7180,,,未知,0,平日,0,,,,,,,0.0,0,0
2026-03-02,,,4229,區間,,,7200,,,未知,0,平日,0,,,,,,,0.0,0,0
2026-03-02,,,4229,區間,,,7210,,,未知,0,平日,0,,,,,,,0.0,0,0
2026-03-02,,,423,自強,,,1040,,,未知,0,平日,0,,,,,,,0.0,0,0
2026-03-02,,,4232,區間,,,0960,,,未知,0,平日,0,,,,,,,0.0,1,0
2026-03-02,,,4232,區間,,,0950,,,未知,0,平日,0,,,,,,,1.0,1,0
2026-03-02,,,4232,區間,,,7350,,,未知,0,平日,0,,,,,,,1.0,0,0
2026-03-02,,,4232,區間,,,7300,,,未知,0,平日,0,,,,,,,0.0,0,0
2026-03-02,,,4232,區間,,,7250,,,未知,0,平日,0,,,,,,,0.0,0,0
2026-03-02,,,4232,區間,,,7210,,,未知,0,平日,0,,,,,,,0.0,1,0
2026-03-02,,,4232,區間,,,7200,,,未知,0,平日,0,,,,,,,1.0,1,0
2026-03-02,,,4232,區間,,,7150,,,未知,0,平日,0,,,,,,,1.0,1,0
2026-03-02,,,4234,區間,,,1000,,,未知,0,平日,0,,,,,,,0.0,0,0
2026-03-02,,,4234,區間,,,0990,,,未知,0,平日,0,,,,,,,0.0,0,0
2026-03-02,,,4234,區間,,,0960,,,未知,0,平日,0,,,,,,,0.0,0,0
2026-03-02,,,4234,區間,,,7360,,,未知,0,平日,0,,,,,,,0.0,1,0
2026-03-02,,,4234,區間,,,7310,,,未知,0,平日,0,,,,,,,1.0,0,0
2026-03-02,,,4235,區間,,,7180,,,未知,0,平日,0,,,,,,,0.0,0,0
2026-03-02,,,4235,區間,,,7200,,,未知,0,平日,0,,,,,,,0.0,1,0
2026-03-02,,,4235,區間,,,7210,,,未知,0,平日,0,,,,,,,1.0,0,0
2026-03-02,,,4235,區間,,,7250,,,未知,0,平日,0,,,,,,,0.0,0,0
2026-03-02,,,4235,區間,,,7290,,,未知,0,平日,0,,,,,,,0.0,0,0
2026-03-02,,,4235,區間,,,7330,,,未知,0,平日,0,,,,,,,0.0,0,0
2026-03-02,,,4235,區間,,,7360,,,未知,0,平日,0,,,,,,,0.0,0,0
2026-03-02,,,4236,區間,,,1020,,,未知,0,平日,0,,,,,,,0.0,0,0
2026-03-02,,,4236,區間,,,0990,,,未知,0,平日,0,,,,,,,0.0,0,0
2026-03-02,,,4236,區間,,,0950,,,未知,0,平日,0,,,,,,,0.0,0,0
2026-03-02,,,4236,區間,,,7380,,,未知,0,平日,0,,,,,,,0.0,0,0
2026-03-02,,,4238,區間,,,7210,,,未知,0,平日,0,,,,,,,0.0,0,0
2026-03-02,,,4238,區間,,,7200,,,未知,0,平日,0,,,,,,,0.0,0,0
2026-03-02,,,4238,區間,,,7180,,,未知,0,平日,0,,,,,,,0.0,0,0
2026-03-02,,,4239,區間,,,7130,,,未知,0,平日,0,,,,,,,0.0,0,0
2026-03-02,,,4240,區間,,,1070,,,未知,0,平日,0,,,,,,,0.0,0,0
2026-03-02,,,4240,區間,,,1040,,,未知,0,平日,0,,,,,,,0.0,1,0
2026-03-02,,,4240,區間,,,1020,,,未知,0,平日,0,,,,,,,1.0,0,0
2026-03-02,,,4240,區間,,,0990,,,未知,0,平日,0,,,,,,,0.0,0,0
2026-03-02,,,4240,區間,,,0950,,,未知,0,平日,0,,,,,,,0.0,0,0
2026-03-02,,,4240,區間,,,7360,,,未知,0,平日,0,,,,,,,0.0,0,0
2026-03-02,,,4240,區間,,,7310,,,未知,0,平日,0,,,,,,,0.0,2,1
2026-03-02,,,4240,區間,,,7230,,,未知,0,平日,0,,,,,,,2.0,0,0
2026-03-02,,,4240,區間,,,7210,,,未知,0,平日,0,,,,,,,0.0,0,0
2026-03-02,,,4241,區間,,,7100,,,未知,0,平日,0,,,,,,,0.0,0,0
2026-03-02,,,4241,區間,,,7110,,,未知,0,平日,0,,,,,,,0.0,0,0
2026-03-02,,,4241,區間,,,7180,,,未知,0,平日,0,,,,,,,0.0,1,0
2026-03-02,,,4241,區間,,,7230,,,未知,0,平日,0,,,,,,,1.0,0,0
2026-03-02,,,4241,區間,,,7250,,,未知,0,平日,0,,,,,,,0.0,0,0
2026-03-02,,,4243,區間,,,7130,,,未知,0,平日,0,,,,,,,0.0,0,0
2026-03-02,,,4243,區間,,,7150,,,未知,0,平日,0,,,,,,,0.0,1,0
2026-03-02,,,4244,區間,,,1000,,,未知,0,平日,0,,,,,,,0.0,1,0
2026-03-02,,,4244,區間,,,7380,,,未知,0,平日,0,,,,,,,1.0,0,0
2026-03-02,,,4247,區間,,,7010,,,未知,0,平日,0,,,,,,,0.0,0,0
2026-03-02,,,4247,區間,,,7050,,,未知,0,平日,0,,,,,,,0.0,0,0
2026-03-02,,,4247,區間,,,7080,,,未知,0,平日,0,,,,,,,0.0,0,0
2026-03-02,,,4247,區間,,,7090,,,未知,0,平日,0,,,,,,,0.0,0,0
2026-03-02,,,4248,區間,,,1000,,,未知,0,平日,0,,,,,,,0.0,2,1
2026-03-02,,,4248,區間,,,0990,,,未知,0,平日,0,,,,,,,2.0,0,0
2026-03-02,,,4252,區間,,,1110,,,未知,0,平日,0,,,,,,,0.0,0,0
2026-03-02,,,4252,區間,,,1070,,,未知,0,平日,0,,,,,,,0.0,0,0
2026-03-02,,,4252,區間,,,1060,,,未知,0,平日,0,,,,,,,0.0,0,0
2026-03-02,,,428,自強,,,6020,,,未知,0,平日,0,,,,,,,0.0,0,0
2026-03-02,,,428,自強,,,6000,,,未知,0,平日,0,,,,,,,0.0,0,0
2026-03-02,,,428,自強,,,5220,,,未知,0,平日,0,,,,,,,0.0,2,1
2026-03-02,,,428,自強,,,5190,,,未知,0,平日,0,,,,,,,2.0,0,0
2026-03-02,,,428,自強,,,5120,,,未知,0,平日,0,,,,,,,0.0,0,0
2026-03-02,,,428,自強,,,5090,,,未知,0,平日,0,,,,,,,0.0,1,0
2026-03-02,,,428,自強,,,5070,,,未知,0,平日,0,,,,,,,1.0,0,0
2026-03-02,,,428,自強,,,5000,,,未知,0,平日,0,,,,,,,0.0,0,0
2026-03-02,,,428,自強,,,4340,,,未知,0,平日,0,,,,,,,0.0,0,0
2026-03-02,,,431,自強,,,7160,,,未知,0,平日,0,,,,,,,0.0,0,0
2026-03-02,,,431,自強,,,7190,,,未知,0,平日,0,,,,,,,0.0,0,0
2026-03-02,,,431,自強,,,0980,,,未知,0,平日,0,,,,,,,0.0,0,0
2026-03-02,,,431,自強,,,1000,,,未知,0,平日,0,,,,,,,0.0,0,0
2026-03-02,,,431,自強,,,1020,,,未知,0,平日,0,,,,,,,0.0,0,0
2026-03-02,,,431,自強,,,1040,,,未知,0,平日,0,,,,,,,0.0,0,0
2026-03-02,,,432,自強,,,6130,,,未知,0,平日,0,,,,,,,0.0,0,0
2026-03-02,,,432,自強,,,6110,,,未知,0,平日,0,,,,,,,0.0,1,0
2026-03-02,,,432,自強,,,6070,,,未知,0,平日,0,,,,,,,1.0,0,0
2026-03-02,,,432,自強,,,6050,,,未知,0,平日,0,,,,,,,0.0,0,0
2026-03-02,,,432,自強,,,6000,,,未知,0,平日,0,,,,,,,0.0,1,0
2026-03-02,,,432,自強,,,5220,,,未知,0,平日,0,,,,,,,1.0,1,0
2026-03-02,,,432,自強,,,5210,,,未知,0,平日,0,,,,,,,1.0,2,1
2026-03-02,,,432,自強,,,5190,,,未知,0,平日,0,,,,,,,2.0,2,1
2026-03-02,,,432,自強,,,5120,,,未知,0,平日,0,,,,,,,2.0,4,1
2026-03-02,,,432,自強,,,5090,,,未知,0,平日,0,,,,,,,4.0,1,0
2026-03-02,,,432,自強,,,4440,,,未知,0,平日,0,,,,,,,1.0,0,0
2026-03-02,,,434,自強,,,7000,,,未知,0,平日,0,,,,,,,0.0,0,0
2026-03-02,,,434,自強,,,6250,,,未知,0,平日,0,,,,,,,0.0,0,0
2026-03-02,,,434,自強,,,6220,,,未知,0,平日,0,,,,,,,0.0,0,0
2026-03-02,,,434,自強,,,6160,,,未知,0,平日,0,,,,,,,0.0,0,0
2026-03-02,,,434,自強,,,6130,,,未知,0,平日,0,,,,,,,0.0,0,0
2026-03-02,,,434,自強,,,6110,,,未知,0,平日,0,,,,,,,0.0,0,0
2026-03-02,,,434,自強,,,6080,,,未知,0,平日,0,,,,,,,0.0,0,0
2026-03-02,,,434,自強,,,6070,,,未知,0,平日,0,,,,,,,0.0,0,0
2026-03-02,,,434,自強,,,6000,,,未知,0,平日,0,,,,,,,0.0,0,0
2026-03-02,,,434,自強,,,5230,,,未知,0,平日,0,,,,,,,0.0,1,0
2026-03-02,,,434,自強,,,5190,,,未知,0,平日,0,,,,,,,1.0,0,0
2026-03-02,,,434,自強,,,5120,,,未知,0,平日,0,,,,,,,0.0,0,0
2026-03-02,,,438,自強,,,1020,,,未知,0,平日,0,,,,,,,0.0,0,0
2026-03-02,,,438,自強,,,1000,,,未知,0,平日,0,,,,,,,0.0,0,0
2026-03-02,,,438,自強,,,7190,,,未知,0,平日,0,,,,,,,0.0,0,0
2026-03-02,,,438,自強,,,7000,,,未知,0,平日,0,,,,,,,0.0,0,0
2026-03-02,,,438,自強,,,6160,,,未知,0,平日,0,,,,,,,0.0,0,0
2026-03-02,,,438,自強,,,6130,,,未知,0,平日,0,,,,,,,0.0,1,0
2026-03-02,,,439,自強,,,6130,,,未知,0,平日,0,,,,,,,0.0,0,0
2026-03-02,,,439,自強,,,6160,,,未知,0,平日,0,,,,,,,0.0,0,0
2026-03-02,,,439,自強,,,6180,,,未知,0,平日,0,,,,,,,0.0,0,0
2026-03-02,,,439,自強,,,6250,,,未知,0,平日,0,,,,,,,0.0,0,0
2026-03-02,,,439,自強,,,7160,,,未知,0,平日,0,,,,,,,0.0,0,0
2026-03-02,,,439,自強,,,7190,,,未知,0,平日,0,,,,,,,0.0,0,0
2026-03-02,,,439,自強,,,0990,,,未知,0,平日,0,,,,,,,0.0,0,0
2026-03-02,,,439,自強,,,1000,,,未知,0,平日,0,,,,,,,0.0,0,0
2026-03-02,,,439,自強,,,1020,,,未知,0,平日,0,,,,,,,0.0,0,0
2026-03-02,,,441,自強,,,6110,,,未知,0,平日,0,,,,,,,0.0,1,0
2026-03-02,,,441,自強,,,7000,,,未知,0,平日,0,,,,,,,1.0,1,0
2026-03-02,,,441,自強,,,0990,,,未知,0,平日,0,,,,,,,1.0,0,0
2026-03-02,,,441,自強,,,1000,,,未知,0,平日,0,,,,,,,0.0,0,0
2026-03-02,,,442,自強,,,7230,,,未知,0,平日,0,,,,,,,0.0,1,0
2026-03-02,,,442,自強,,,7190,,,未知,0,平日,0,,,,,,,1.0,2,1
2026-03-02,,,442,自強,,,7030,,,未知,0,平日,0,,,,,,,2.0,0,0
2026-03-02,,,442,自強,,,6180,,,未知,0,平日,0,,,,,,,0.0,3,1
2026-03-02,,,442,自強,,,6130,,,未知,0,平日,0,,,,,,,3.0,5,1
2026-03-02,,,442,自強,,,6070,,,未知,0,平日,0,,,,,,,5.0,2,1
2026-03-02,,,442,自強,,,6000,,,未知,0,平日,0,,,,,,,2.0,1,0
2026-03-02,,,445,自強,,,6050,,,未知,0,平日,0,,,,,,,0.0,0,0
2026-03-02,,,445,自強,,,6110,,,未知,0,平日,0,,,,,,,0.0,0,0
2026-03-02,,,445,自強,,,6160,,,未知,0,平日,0,,,,,,,0.0,0,0
2026-03-02,,,445,自強,,,7000,,,未知,0,平日,0,,,,,,,0.0,0,0
2026-03-02,,,445,自強,,,7160,,,未知,0,平日,0,,,,,,,0.0,0,0
2026-03-02,,,447,自強,,,6020,,,未知,0,平日,0,,,,,,,0.0,0,0
2026-03-02,,,447,自強,,,6070,,,未知,0,平日,0,,,,,,,0.0,0,0
2026-03-02,,,447,自強,,,6130,,,未知,0,平日,0,,,,,,,0.0,0,0
2026-03-02,,,447,自強,,,6180,,,未知,0,平日,0,,,,,,,0.0,3,1
2026-03-02,,,447,自強,,,7000,,,未知,0,平日,0,,,,,,,3.0,4,1
2026-03-02,,,448,傾斜式自強,,,1020,,,未知,0,平日,0,,,,,,,0.0,2,1
2026-03-02,,,448,傾斜式自強,,,1000,,,未知,0,平日,0,,,,,,,2.0,2,1
2026-03-02,,,448,傾斜式自強,,,0990,,,未知,0,平日,0,,,,,,,2.0,3,1
2026-03-02,,,448,傾斜式自強,,,7190,,,未知,0,平日,0,,,,,,,3.0,3,1
2026-03-02,,,448,傾斜式自強,,,7000,,,未知,0,平日,0,,,,,,,3.0,2,1
2026-03-02,,,449,自強,,,6020,,,未知,0,平日,0,,,,,,,0.0,0,0
2026-03-02,,,449,自強,,,6030,,,未知,0,平日,0,,,,,,,0.0,0,0
2026-03-02,,,449,自強,,,6070,,,未知,0,平日,0,,,,,,,0.0,0,0
2026-03-02,,,449,自強,,,6080,,,未知,0,平日,0,,,,,,,0.0,0,0
2026-03-02,,,449,自強,,,6090,,,未知,0,平日,0,,,,,,,0.0,0,0
2026-03-02,,,449,自強,,,6130,,,未知,0,平日,0,,,,,,,0.0,0,0
2026-03-02,,,449,自強,,,6160,,,未知,0,平日,0,,,,,,,0.0,0,0
2026-03-02,,,449,自強,,,6180,,,未知,0,平日,0,,,,,,,0.0,3,1
2026-03-02,,,449,自強,,,6250,,,未知,0,平日,0,,,,,,,3.0,0,0
2026-03-02,,,4537,區間,,,7000,,,未知,0,平日,0,,,,,,,0.0,0,0
2026-03-02,,,4542,區間,,,6030,,,未知,0,平日,0,,,,,,,0.0,1,0
2026-03-02,,,4542,區間,,,6010,,,未知,0,平日,0,,,,,,,1.0,0,0
2026-03-02,,,4543,區間,,,6190,,,未知,0,平日,0,,,,,,,0.0,0,0
2026-03-02,,,4543,區間,,,6220,,,未知,0,平日,0,,,,,,,0.0,0,0
2026-03-02,,,4543,區間,,,6250,,,未知,0,平日,0,,,,,,,0.0,0,0
2026-03-02,,,4547,區間,,,6070,,,未知,0,平日,0,,,,,,,0.0,1,0
2026-03-02,,,4547,區間,,,6090,,,未知,0,平日,0,,,,,,,1.0,0,0
2026-03-02,,,4547,區間,,,6100,,,未知,0,平日,0,,,,,,,0.0,0,0
2026-03-02,,,4548,區間,,,6100,,,未知,0,平日,0,,,,,,,0.0,0,0
2026-03-02,,,4548,區間,,,6070,,,未知,0,平日,0,,,,,,,0.0,0,0
2026-03-02,,,4548,區間,,,6050,,,未知,0,平日,0,,,,,,,0.0,0,0
2026-03-02,,,4548,區間,,,6030,,,未知,0,平日,0,,,,,,,0.0,0,0
2026-03-02,,,4548,區間,,,6020,,,未知,0,平日,0,,,,,,,0.0,0,0
2026-03-02,,,4552,區間,,,6240,,,未知,0,平日,0,,,,,,,0.0,0,0
2026-03-02,,,4552,區間,,,6220,,,未知,0,平日,0,,,,,,,0.0,0,0
2026-03-02,,,4552,區間,,,6190,,,未知,0,平日,0,,,,,,,0.0,0,0
2026-03-02,,,4552,區間,,,6140,,,未知,0,平日,0,,,,,,,0.0,0,0
2026-03-02,,,4552,區間,,,6120,,,未知,0,平日,0,,,,,,,0.0,0,0
2026-03-02,,,4552,區間,,,6110,,,未知,0,平日,0,,,,,,,0.0,1,0
2026-03-02,,,4553,區間,,,6010,,,未知,0,平日,0,,,,,,,0.0,0,0
2026-03-02,,,4553,區間,,,6050,,,未知,0,平日,0,,,,,,,0.0,0,0
2026-03-02,,,4553,區間,,,6070,,,未知,0,平日,0,,,,,,,0.0,0,0
2026-03-02,,,4553,區間,,,6080,,,未知,0,平日,0,,,,,,,0.0,0,0
2026-03-02,,,4553,區間,,,6100,,,未知,0,平日,0,,,,,,,0.0,0,0
2026-03-02,,,4553,區間,,,6120,,,未知,0,平日,0,,,,,,,0.0,0,0
2026-03-02,,,4553,區間,,,6130,,,未知,0,平日,0,,,,,,,0.0,0,0
2026-03-02,,,4553,區間,,,6140,,,未知,0,平日,0,,,,,,,0.0,0,0
2026-03-02,,,4556,區間,,,6250,,,未知,0,平日,0,,,,,,,0.0,0,0
2026-03-02,,,4556,區間,,,6190,,,未知,0,平日,0,,,,,,,0.0,2,1
2026-03-02,,,4556,區間,,,6180,,,未知,0,平日,0,,,,,,,2.0,3,1
2026-03-02,,,4556,區間,,,6160,,,未知,0,平日,0,,,,,,,3.0,2,1
2026-03-02,,,4556,區間,,,6140,,,未知,0,平日,0,,,,,,,2.0,5,1
2026-03-02,,,4556,區間,,,6110,,,未知,0,平日,0,,,,,,,5.0,4,1
2026-03-02,,,4556,區間,,,6060,,,未知,0,平日,0,,,,,,,4.0,0,0
2026-03-02,,,4556,區間,,,6050,,,未知,0,平日,0,,,,,,,0.0,0,0
2026-03-02,,,4558,區間,,,6220,,,未知,0,平日,0,,,,,,,0.0,0,0
2026-03-02,,,4558,區間,,,6190,,,未知,0,平日,0,,,,,,,0.0,0,0
2026-03-02,,,4733,區間,,,7390,,,未知,0,平日,0,,,,,,,0.0,1,0
2026-03-02,,,4735,區間,,,7360,,,未知,0,平日,0,,,,,,,0.0,1,0
2026-03-02,,,4737,區間,,,7380,,,未知,0,平日,0,,,,,,,0.0,2,1
2026-03-02,,,4737,區間,,,7390,,,未知,0,平日,0,,,,,,,2.0,3,1
2026-03-02,,,4738,區間,,,7350,,,未知,0,平日,0,,,,,,,0.0,0,0
2026-03-02,,,4738,區間,,,7331,,,未知,0,平日,0,,,,,,,0.0,0,0
2026-03-02,,,4741,區間,,,7380,,,未知,0,平日,0,,,,,,,0.0,0,0
2026-03-02,,,4742,區間,,,7380,,,未知,0,平日,0,,,,,,,0.0,0,0
2026-03-02,,,4742,區間,,,7331,,,未知,0,平日,0,,,,,,,0.0,0,0
2026-03-02,,,477,自強,,,0930,,,未知,0,平日,0,,,,,,,0.0,0,0
2026-03-02,,,477,自強,,,0990,,,未知,0,平日,0,,,,,,,0.0,4,1
2026-03-02,,,477,自強,,,1040,,,未知,0,平日,0,,,,,,,4.0,0,0
2026-03-02,,,477,自強,,,1100,,,未知,0,平日,0,,,,,,,0.0,1,0
2026-03-02,,,477,自強,,,1210,,,未知,0,平日,0,,,,,,,1.0,0,0
2026-03-02,,,477,自強,,,1250,,,未知,0,平日,0,,,,,,,0.0,0,0
2026-03-02,,,477,自強,,,3230,,,未知,0,平日,0,,,,,,,0.0,0,0
2026-03-02,,,477,自強,,,3360,,,未知,0,平日,0,,,,,,,0.0,0,0
2026-03-02,,,4827,區間,,,7361,,,未知,0,平日,0,,,,,,,0.0,0,0
2026-03-02,,,4831,區間,,,7361,,,未知,0,平日,0,,,,,,,0.0,0,0
2026-03-02,,,4832,區間,,,7331,,,未知,0,平日,0,,,,,,,0.0,0,0
2026-03-02,,,4834,區間,,,7331,,,未知,0,平日,0,,,,,,,0.0,0,0
2026-03-02,,,4836,區間,,,7350,,,未知,0,平日,0,,,,,,,0.0,0,0
2026-03-02,,,4836,區間,,,7331,,,未知,0,平日,0,,,,,,,0.0,0,0
2026-03-02,,,521,莒光,,,2130,,,未知,0,平日,0,,,,,,,0.0,4,1
2026-03-02,,,521,莒光,,,2170,,,未知,0,平日,0,,,,,,,4.0,3,1
2026-03-02,,,521,莒光,,,2200,,,未知,0,平日,0,,,,,,,3.0,2,1
2026-03-02,,,521,莒光,,,2230,,,未知,0,平日,0,,,,,,,2.0,1,0
2026-03-02,,,521,莒光,,,3360,,,未知,0,平日,0,,,,,,,1.0,2,1
2026-03-02,,,521,莒光,,,3390,,,未知,0,平日,0,,,,,,,2.0,2,1
2026-03-02,,,521,莒光,,,3420,,,未知,0,平日,0,,,,,,,2.0,1,0
2026-03-02,,,521,莒光,,,3430,,,未知,0,平日,0,,,,,,,1.0,1,0
2026-03-02,,,521,莒光,,,3470,,,未知,0,平日,0,,,,,,,1.0,0,0
2026-03-02,,,521,莒光,,,4080,,,未知,0,平日,0,,,,,,,0.0,0,0
2026-03-02,,,521,莒光,,,4150,,,未知,0,平日,0,,,,,,,0.0,0,0
2026-03-02,,,521,莒光,,,4170,,,未知,0,平日,0,,,,,,,0.0,0,0
2026-03-02,,,554,莒光,,,2180,,,未知,0,平日,0,,,,,,,0.0,0,0
2026-03-02,,,554,莒光,,,2170,,,未知,0,平日,0,,,,,,,0.0,0,0
2026-03-02,,,554,莒光,,,2130,,,未知,0,平日,0,,,,,,,0.0,2,1
2026-03-02,,,554,莒光,,,1250,,,未知,0,平日,0,,,,,,,2.0,2,1
2026-03-02,,,554,莒光,,,1210,,,未知,0,平日,0,,,,,,,2.0,1,0
2026-03-02,,,554,莒光,,,1180,,,未知,0,平日,0,,,,,,,1.0,0,0
2026-03-02,,,554,莒光,,,1120,,,未知,0,平日,0,,,,,,,0.0,0,0
2026-03-02,,,554,莒光,,,1100,,,未知,0,平日,0,,,,,,,0.0,0,0
2026-03-02,,,554,莒光,,,1080,,,未知,0,平日,0,,,,,,,0.0,0,0
2026-03-02,,,554,莒光,,,1040,,,未知,0,平日,0,,,,,,,0.0,1,0
2026-03-02,,,554,莒光,,,1010,,,未知,0,平日,0,,,,,,,1.0,3,1
2026-03-02,,,554,莒光,,,0930,,,未知,0,平日,0,,,,,,,3.0,0,0
2026-03-02,,,653,莒光,,,7350,,,未知,0,平日,0,,,,,,,0.0,0,0
2026-03-02,,,653,莒光,,,7360,,,未知,0,平日,0,,,,,,,0.0,0,0
2026-03-02,,,653,莒光,,,0930,,,未知,0,平日,0,,,,,,,0.0,0,0
2026-03-02,,,653,莒光,,,0960,,,未知,0,平日,0,,,,,,,0.0,1,0
2026-03-02,,,653,莒光,,,1000,,,未知,0,平日,0,,,,,,,1.0,1,0
2026-03-02,,,653,莒光,,,1010,,,未知,0,平日,0,,,,,,,1.0,1,0
2026-03-02,,,653,莒光,,,1080,,,未知,0,平日,0,,,,,,,1.0,1,0
2026-03-02,,,653,莒光,,,1100,,,未知,0,平日,0,,,,,,,1.0,0,0
2026-03-02,,,653,莒光,,,1120,,,未知,0,平日,0,,,,,,,0.0,4,1
2026-03-02,,,653,莒光,,,1180,,,未知,0,平日,0,,,,,,,4.0,4,1
2026-03-02,,,653,莒光,,,2130,,,未知,0,平日,0,,,,,,,4.0,4,1
2026-03-02,,,708,莒光,,,5000,,,未知,0,平日,0,,,,,,,0.0,3,1
2026-03-02,,,708,莒光,,,4460,,,未知,0,平日,0,,,,,,,3.0,5,1
2026-03-02,,,708,莒光,,,4440,,,未知,0,平日,0,,,,,,,5.0,4,1
